,Value
2018-11-05,100000000.0
2018-11-06,101514768.84895058
2018-11-07,101341226.56077859
2018-11-09,102044082.69603725
2018-11-12,98174020.45310013
2018-11-13,98174020.45310013
2018-11-14,98174020.45310013
2018-11-15,98174020.45310013
2018-11-16,98174020.45310013
2018-11-19,98174020.45310013
2018-11-20,98174020.45310013
2018-11-21,98174020.45310013
2018-11-22,98174020.45310013
2018-11-26,98174020.45310013
2018-11-27,98174020.45310013
2018-11-28,98174020.45310013
2018-11-29,98174020.45310013
2018-11-30,98174020.45310013
2018-12-03,98174020.45310013
2018-12-04,98174020.45310013
2018-12-05,98174020.45310013
2018-12-06,98174020.45310013
2018-12-07,98174020.45310013
2018-12-10,98174020.45310013
2018-12-11,98174020.45310013
2018-12-12,98174020.45310013
2018-12-13,98174020.45310013
2018-12-14,98174020.45310013
2018-12-17,98174040.45310013
2018-12-18,99749688.20193918
2018-12-19,99265600.53440286
2018-12-20,99749685.15128493
2018-12-21,100974135.20047481
2018-12-24,99066273.71561109
2018-12-26,96949594.72312418
2018-12-27,96693297.58329557
2018-12-28,96693297.58329557
2018-12-31,96693317.58329557
2019-01-01,96805241.61675984
2019-01-02,94818567.67019615
2019-01-03,94818567.67019615
2019-01-04,94818567.67019615
2019-01-07,94818587.67019615
2019-01-08,96582652.77053069
2019-01-09,98436725.38134894
2019-01-10,100110787.44342972
2019-01-11,98544728.15280315
2019-01-14,100470805.57217008
2019-01-15,99435766.44939297
2019-01-16,100236790.9348172
2019-01-17,100011779.73369867
2019-01-18,99048746.65823501
2019-01-21,98481727.53942315
2019-01-22,96897666.86962108
2019-01-23,97473666.67243822
2019-01-24,97473666.67243822
2019-01-25,97473666.67243822
2019-01-28,97473666.67243822
2019-01-29,97473666.67243822
2019-01-30,97473666.67243822
2019-01-31,97473686.67243822
2019-02-01,98590964.01455829
2019-02-04,97698941.96220116
2019-02-05,95806752.91853489
2019-02-06,95806772.91853489
2019-02-07,98862608.41383831
2019-02-08,80337713.04302734
2019-02-11,80337713.04302734
2019-02-12,80337713.04302734
2019-02-14,80337713.04302734
2019-02-15,80337713.04302734
2019-02-18,80337713.04302734
2019-02-19,80337713.04302734
2019-02-20,80337713.04302734
2019-02-21,80337733.04302734
2019-02-22,82253183.93010212
2019-02-25,83731499.79306534
2019-02-26,85615158.80957447
2019-02-27,85766172.63125737
2019-02-28,85138279.10383068
2019-03-01,86099982.10631266
2019-03-05,91210501.94152346
2019-03-06,90916427.23404808
2019-03-07,90693891.97659935
2019-03-08,87292171.84661625
2019-03-11,87029895.98017448
2019-03-12,88118759.30354424
2019-03-13,86950407.78514524
2019-03-14,85782044.35246618
2019-03-15,85782044.35246618
2019-03-18,85782044.35246618
2019-03-19,85782064.35246618
2019-03-20,85022975.21651974
2019-03-22,85022975.21651974
2019-03-25,85022975.21651974
2019-03-26,85022975.21651974
2019-03-27,85022975.21651974
2019-03-28,85022975.21651974
2019-04-01,85022995.21651974
2019-04-02,91045034.19397818
2019-04-03,93633594.53320788
2019-04-04,94340264.40184303
2019-04-05,94778088.28484201
2019-04-08,93211130.32108377
2019-04-09,93963880.67937946
2019-04-10,98173174.42618412
2019-04-11,99962887.11672364
2019-04-12,99847668.3692771
2019-04-15,104794349.81014135
2019-04-16,106038698.35111399
2019-04-18,108481321.02381846
2019-04-22,108442914.65629242
2019-04-23,107190876.60946214
2019-04-24,103565359.64002681
2019-04-25,102620577.69483986
2019-04-26,100085763.55505283
2019-04-30,100085763.55505283
2019-05-02,100085763.55505283
2019-05-03,100085763.55505283
2019-05-06,100085763.55505283
2019-05-07,100085763.55505283
2019-05-08,100085763.55505283
2019-05-09,100085763.55505283
2019-05-10,100085763.55505283
2019-05-13,100085763.55505283
2019-05-14,100085763.55505283
2019-05-15,100085763.55505283
2019-05-16,100085763.55505283
2019-05-17,100085763.55505283
2019-05-20,100085763.55505283
2019-05-21,100085763.55505283
2019-05-22,100085763.55505283
2019-05-23,100085763.55505283
2019-05-24,100085763.55505283
2019-05-27,100085763.55505283
2019-05-28,100085763.55505283
2019-05-29,100085763.55505283
2019-05-30,100085763.55505283
2019-05-31,100085763.55505283
2019-06-03,100085763.55505283
2019-06-04,100085763.55505283
2019-06-06,100085763.55505283
2019-06-07,100085763.55505283
2019-06-10,100085763.55505283
2019-06-11,100085763.55505283
2019-06-12,100085763.55505283
2019-06-13,100085763.55505283
2019-06-14,100085763.55505283
2019-06-17,100085763.55505283
2019-06-18,100085763.55505283
2019-06-19,100085763.55505283
2019-06-20,100085763.55505283
2019-06-21,100085763.55505283
2019-06-24,100085763.55505283
2019-06-25,100085763.55505283
2019-06-26,100085763.55505283
2019-06-27,100085783.55505283
2019-06-28,99216264.62680139
2019-07-01,101228296.41070926
2019-07-02,99580253.57847661
2019-07-03,98882610.70787035
2019-07-04,100085787.64635465
2019-07-05,98407390.41612709
2019-07-08,98407390.41612709
2019-07-09,98407390.41612709
2019-07-10,98407390.41612709
2019-07-11,98407390.41612709
2019-07-12,98407390.41612709
2019-07-15,98407410.41612709
2019-07-16,102209604.1041339
2019-07-17,103548554.2539965
2019-07-18,99756578.22721826
2019-07-19,96301871.27051158
2019-07-22,96301871.27051158
2019-07-23,96301871.27051158
2019-07-24,96301871.27051158
2019-07-25,96301871.27051158
2019-07-26,96301871.27051158
2019-07-29,96301871.27051158
2019-07-30,96301871.27051158
2019-07-31,96301871.27051158
2019-08-01,96301871.27051158
2019-08-02,96301871.27051158
2019-08-05,96301871.27051158
2019-08-06,96301871.27051158
2019-08-07,96301871.27051158
2019-08-08,96301871.27051158
2019-08-09,96301871.27051158
2019-08-13,96301871.27051158
2019-08-14,96301871.27051158
2019-08-16,96301871.27051158
2019-08-19,96301871.27051158
2019-08-20,96301871.27051158
2019-08-21,96301871.27051158
2019-08-22,96301871.27051158
2019-08-23,96301871.27051158
2019-08-26,96301871.27051158
2019-08-27,96301871.27051158
2019-08-28,96301871.27051158
2019-08-29,96301871.27051158
2019-08-30,96301871.27051158
2019-09-03,96301871.27051158
2019-09-04,96301871.27051158
2019-09-05,96301871.27051158
2019-09-06,96301891.27051158
2019-09-09,96769892.54003984
2019-09-11,105541637.97565205
2019-09-12,104298073.33107288
2019-09-13,103228353.12775744
2019-09-16,103067891.61584006
2019-09-17,99979062.29441456
2019-09-18,98454707.83111773
2019-09-19,99150030.44162881
2019-09-20,105260820.74124512
2019-09-23,105046882.8077763
2019-09-24,104592247.20809886
2019-09-25,100139524.25536579
2019-09-26,100166245.89402623
2019-09-27,100166245.89402623
2019-09-30,100166245.89402623
2019-10-01,100166245.89402623
2019-10-03,100166245.89402623
2019-10-04,100166245.89402623
2019-10-07,100166245.89402623
2019-10-09,100166245.89402623
2019-10-10,100166245.89402623
2019-10-11,100166245.89402623
2019-10-14,100166265.89402623
2019-10-15,99955584.71977037
2019-10-16,99718571.01942657
2019-10-17,107698163.17142035
2019-10-18,109093929.04744858
2019-10-22,104590599.6692358
2019-10-23,103682032.0871806
2019-10-24,105117305.46353081
2019-10-25,101535699.66706194
2019-10-27,115322222.5773321
2019-10-29,131452593.7829026
2019-10-30,135389718.80642596
2019-10-31,138602623.12003595
2019-11-01,138378768.4632481
2019-11-04,137338521.4541679
2019-11-05,136337783.09351447
2019-11-06,137299024.16710496
2019-11-07,135310710.76644197
2019-11-08,135824249.66839337
2019-11-11,135363378.2560608
2019-11-13,135890083.15839052
2019-11-14,132426996.16088685
2019-11-15,134125626.6863226
2019-11-18,134691833.08258116
2019-11-19,133414575.95951411
2019-11-20,132677179.79612485
2019-11-21,130952204.48640443
2019-11-22,130952204.48640443
2019-11-25,130952204.48640443
2019-11-26,130952204.48640443
2019-11-27,130952204.48640443
2019-11-28,130952204.48640443
2019-11-29,130952204.48640443
2019-12-02,130952204.48640443
2019-12-03,130952204.48640443
2019-12-04,130952224.48640443
2019-12-05,132544871.20291995
2019-12-06,128872548.31535333
2019-12-09,128872548.31535333
2019-12-10,128872548.31535333
2019-12-11,128872548.31535333
2019-12-12,128872568.31535333
2019-12-13,135281502.73516375
2019-12-16,132998003.6438571
2019-12-17,135420275.99774435
2019-12-18,133666656.1163075
2019-12-19,134575003.86476037
2019-12-20,134360538.73076564
2019-12-23,133527885.31842029
2019-12-24,133262936.75219795
2019-12-26,132505988.45474066
2019-12-27,133212477.57416996
2019-12-30,137350536.01855844
2019-12-31,139936817.72528905
2020-01-01,139974661.89048347
2020-01-02,144592119.7009867
2020-01-03,145336468.31955048
2020-01-06,141728290.93267974
2020-01-07,140390987.67180035
2020-01-08,138006564.51677102
2020-01-09,143570229.46745387
2020-01-10,147695664.39333802
2020-01-13,147708273.14020598
2020-01-14,148288620.73471853
2020-01-15,150395495.94559228
2020-01-16,150143174.13280547
2020-01-17,149487141.0088402
2020-01-20,149058193.53550205
2020-01-21,145841105.96244276
2020-01-22,141892279.32488722
2020-01-23,141892279.32488722
2020-01-24,141892279.32488722
2020-01-27,141892279.32488722
2020-01-28,141892279.32488722
2020-01-29,141892279.32488722
2020-01-30,141892279.32488722
2020-01-31,141892279.32488722
2020-02-03,141892279.32488722
2020-02-04,141892279.32488722
2020-02-05,141892279.32488722
2020-02-06,141892279.32488722
2020-02-07,141892279.32488722
2020-02-10,141892279.32488722
2020-02-11,141892279.32488722
2020-02-12,141892279.32488722
2020-02-13,141892279.32488722
2020-02-14,141892279.32488722
2020-02-17,141892279.32488722
2020-02-18,141892279.32488722
2020-02-19,141892279.32488722
2020-02-20,141892279.32488722
2020-02-24,141892279.32488722
2020-02-25,141892279.32488722
2020-02-26,141892279.32488722
2020-02-27,141892279.32488722
2020-02-28,141892279.32488722
2020-03-02,141892279.32488722
2020-03-03,141892279.32488722
2020-03-04,141892279.32488722
2020-03-05,141892279.32488722
2020-03-06,141892279.32488722
2020-03-09,141892279.32488722
2020-03-11,141892279.32488722
2020-03-12,141892279.32488722
2020-03-13,141892279.32488722
2020-03-16,141892279.32488722
2020-03-17,141892279.32488722
2020-03-18,141892279.32488722
2020-03-19,141892279.32488722
2020-03-20,141892279.32488722
2020-03-23,141892279.32488722
2020-03-24,141892279.32488722
2020-03-25,141892279.32488722
2020-03-26,141892279.32488722
2020-03-27,141892279.32488722
2020-03-30,141892279.32488722
2020-03-31,141892279.32488722
2020-04-01,141892279.32488722
2020-04-03,141892279.32488722
2020-04-07,141892279.32488722
2020-04-08,141892279.32488722
2020-04-09,141892279.32488722
2020-04-13,141892299.32488722
2020-04-15,141260407.41196203
2020-04-16,139680666.97294042
2020-04-17,145241350.2083119
2020-04-20,151244365.82595357
2020-04-21,143219284.9834906
2020-04-22,142176660.88021365
2020-04-23,145146574.08938333
2020-04-24,142239854.68607184
2020-04-27,142966530.5762513
2020-04-28,145557303.99174705
2020-04-29,147863731.52932984
2020-04-30,172476089.52439365
2020-05-04,159616991.14864933
2020-05-05,156773466.70985737
2020-05-06,156394315.35703996
2020-05-07,157500152.160938
2020-05-08,155794026.85580418
2020-05-11,163124016.4027511
2020-05-12,162650099.8553995
2020-05-13,168052803.79469094
2020-05-14,159016700.47039783
2020-05-15,159553806.2487881
2020-05-18,154656593.14755628
2020-05-19,154656593.14755628
2020-05-20,154656593.14755628
2020-05-21,154656613.14755628
2020-05-22,152510308.17164442
2020-05-26,154166005.10086432
2020-05-27,154166025.10086432
2020-05-28,157285076.22949767
2020-05-29,156951971.6593693
2020-06-01,162766120.82961345
2020-06-02,171729620.10762757
2020-06-03,180238883.13163856
2020-06-04,179693812.20880708
2020-06-05,195167943.31223896
2020-06-08,210732926.09097633
2020-06-09,205675821.7525449
2020-06-10,201618021.1680242
2020-06-11,195198222.8619219
2020-06-12,187476292.95766008
2020-06-15,184841756.92284328
2020-06-16,175787400.22060594
2020-06-17,175787400.22060594
2020-06-18,175787400.22060594
2020-06-19,175787400.22060594
2020-06-22,175787420.22060594
2020-06-23,177923870.4296569
2020-06-24,182196776.59686947
2020-06-25,177610522.00862363
2020-06-26,175360129.60425892
2020-06-29,170289590.18103454
2020-06-30,170289590.18103454
2020-07-01,170289590.18103454
2020-07-02,170289590.18103454
2020-07-03,170289610.18103454
2020-07-06,176568329.8023283
2020-07-07,180007966.22605827
2020-07-08,174930395.18749648
2020-07-09,175012287.10781142
2020-07-10,175585571.4116566
2020-07-13,178506535.72348085
2020-07-14,172964884.45986167
2020-07-15,170617181.22449946
2020-07-16,170617181.22449946
2020-07-17,170617201.22449946
2020-07-20,169862856.86570174
2020-07-21,174388945.37736085
2020-07-22,171964250.42448208
2020-07-23,170913556.342729
2020-07-24,168084738.00588632
2020-07-27,168084738.00588632
2020-07-28,168084738.00588632
2020-07-29,168084758.00588632
2020-07-30,164874099.30384865
2020-07-31,164874099.30384865
2020-08-03,164874119.30384865
2020-08-04,168367745.1482715
2020-08-05,172210729.86993602
2020-08-06,174681221.52063024
2020-08-07,177076843.51811427
2020-08-10,183789596.39950773
2020-08-11,184413462.9352863
2020-08-12,185835863.64782423
2020-08-13,193372106.1628616
2020-08-14,190128032.8406318
2020-08-17,184862640.80497196
2020-08-18,188006898.74955428
2020-08-19,188406180.16585383
2020-08-20,183889421.47142747
2020-08-21,182292328.38191757
2020-08-24,182167538.059803
2020-08-25,182167558.059803
2020-08-26,196052058.99926782
2020-08-27,208219143.23729953
2020-08-28,207783730.8460719
2020-08-31,207711147.0608769
2020-09-01,207711150.94825983
2020-09-02,214508280.39023566
2020-09-03,220894180.51532724
2020-09-04,216951372.41042778
2020-09-07,217410957.74400574
2020-09-08,209525347.9271619
2020-09-09,202002560.15291858
2020-09-10,205993740.24440557
2020-09-11,209356004.87410644
2020-09-14,215354896.2739923
2020-09-15,214967873.09748405
2020-09-16,219781496.0847067
2020-09-17,215209747.43302748
2020-09-18,215112990.7152496
2020-09-21,203526432.4450336
2020-09-22,203526432.4450336
2020-09-23,203526432.4450336
2020-09-24,203526432.4450336
2020-09-25,203526432.4450336
2020-09-28,203526432.4450336
2020-09-29,203526432.4450336
2020-09-30,203526432.4450336
2020-10-01,203526432.4450336
2020-10-05,203526432.4450336
2020-10-06,203526452.4450336
2020-10-07,202930008.8477489
2020-10-08,202333594.92565706
2020-10-09,199971717.35139957
2020-10-12,194937824.78708524
2020-10-13,192790652.8827484
2020-10-14,192790652.8827484
2020-10-15,192790652.8827484
2020-10-16,192790652.8827484
2020-10-19,192790652.8827484
2020-10-20,192790652.8827484
2020-10-21,192790652.8827484
2020-10-22,192790652.8827484
2020-10-23,192790672.8827484
2020-10-26,190792235.3225821
2020-10-27,189616683.7320065
2020-10-28,193519519.1723818
2020-10-29,185690321.7981946
2020-10-30,186889382.60059673
2020-11-02,186889382.60059673
2020-11-03,186889402.60059673
2020-11-04,187742997.2468412
2020-11-05,189934646.66835895
2020-11-06,193302853.9250123
2020-11-09,194340984.21356216
2020-11-10,200915913.26100418
2020-11-11,206752598.29420558
2020-11-12,209959320.48879537
2020-11-13,203799665.7763443
2020-11-14,206544985.81010443
2020-11-17,216649610.12250876
2020-11-18,235705366.93948528
2020-11-19,235705365.0194374
2020-11-20,233559868.8591182
2020-11-23,235382379.57912305
2020-11-24,239304270.4620994
2020-11-25,238773654.40251103
2020-11-26,239834879.05290455
2020-11-27,248624517.35712314
2020-12-01,249270468.57981747
2020-12-02,254714976.60382834
2020-12-03,255660848.78957874
2020-12-04,256145300.05382782
2020-12-07,255014871.8209805
2020-12-08,252131146.0803316
2020-12-09,254115137.66807917
2020-12-10,247632507.54347286
2020-12-11,247678640.14177185
2020-12-14,247240299.9101257
2020-12-15,247240299.9101257
2020-12-16,247240319.9101257
2020-12-17,247195064.7836494
2020-12-18,243733835.57658896
2020-12-21,228305337.5630581
2020-12-22,228305337.5630581
2020-12-23,228305337.5630581
2020-12-24,228305337.5630581
2020-12-28,228305357.5630581
2020-12-29,228408626.83142838
2020-12-30,227148852.25843793
2020-12-31,228883610.99939123
2021-01-01,230473805.10727513
2021-01-04,236689978.66879943
2021-01-05,236318240.74660888
2021-01-06,241068148.07470736
2021-01-07,244599625.87270182
2021-01-08,246478914.53794584
2021-01-11,266697002.8444484
2021-01-12,295031247.6770251
2021-01-13,301433304.90868545
2021-01-14,302961523.26371586
2021-01-15,317025389.53129995
2021-01-18,309590739.0059354
2021-01-19,318718844.452838
2021-01-20,335075024.03512585
2021-01-21,359175662.9161063
2021-01-22,361240830.32169664
2021-01-25,353558388.3710922
2021-01-27,333815293.6275097
2021-01-28,330118598.14045095
2021-01-29,331295748.1836481
2021-02-01,337429350.29831386
2021-02-02,388769647.00785446
2021-02-03,412663763.3964031
2021-02-04,406055165.87834346
2021-02-05,395894507.33695996
2021-02-08,410226854.98077375
2021-02-09,407149707.56820893
2021-02-10,405208472.69632
2021-02-11,404671529.5017971
2021-02-12,403597624.17033273
2021-02-15,410206169.04503214
2021-02-16,410805093.8931246
2021-02-17,408843164.6607641
2021-02-18,403411773.22334003
2021-02-19,386270753.1082303
2021-02-22,386270753.1082303
2021-02-23,386270753.1082303
2021-02-24,386270773.1082303
2021-02-25,395427321.9708841
2021-02-26,388904020.82543516
2021-03-01,392135759.754545
2021-03-02,406718406.17178863
2021-03-03,419725085.59684557
2021-03-04,407715844.77199644
2021-03-05,392075889.661143
2021-03-08,387726995.0863323
2021-03-09,387726995.0863323
2021-03-10,387726995.0863323
2021-03-12,387726995.0863323
2021-03-15,387726995.0863323
2021-03-16,387726995.0863323
2021-03-17,387726995.0863323
2021-03-18,387726995.0863323
2021-03-19,387726995.0863323
2021-03-22,387726995.0863323
2021-03-23,387726995.0863323
2021-03-24,387726995.0863323
2021-03-25,387726995.0863323
2021-03-26,387726995.0863323
2021-03-30,387726995.0863323
2021-03-31,387726995.0863323
2021-04-01,387727015.0863323
2021-04-05,384905357.69065154
2021-04-06,390127534.28868926
2021-04-07,388948337.26626176
2021-04-08,396402611.65125155
2021-04-09,402488148.1677554
2021-04-12,369470349.20580167
2021-04-13,369470349.20580167
2021-04-15,369470349.20580167
2021-04-16,369470369.20580167
2021-04-19,358907181.79848725
2021-04-20,358907181.79848725
2021-04-22,358907181.79848725
2021-04-23,358907181.79848725
2021-04-26,358907181.79848725
2021-04-27,358907181.79848725
2021-04-28,358907201.79848725
2021-04-29,356855514.17422736
2021-04-30,346909742.1004616
2021-05-03,346909742.1004616
2021-05-04,346909742.1004616
2021-05-05,346909742.1004616
2021-05-06,346909742.1004616
2021-05-07,346909762.1004616
2021-05-10,356582179.3881633
2021-05-11,360340495.5833135
2021-05-12,372779186.2743398
2021-05-14,363144927.8791818
2021-05-17,364900083.4935134
2021-05-18,378922211.9450323
2021-05-19,362286440.2419643
2021-05-20,354998730.7325947
2021-05-21,358013004.57956165
2021-05-24,357841270.9387701
2021-05-25,357841290.9387701
2021-05-26,358671646.5211398
2021-05-27,361804308.2728447
2021-05-28,362238359.7903679
2021-05-31,358784878.3826976
2021-06-01,362747886.3335613
2021-06-02,363464996.44644964
2021-06-03,368749008.11589646
2021-06-04,375957950.67756015
2021-06-07,391111728.19365966
2021-06-08,395131358.9313432
2021-06-09,393281953.7726894
2021-06-10,390639963.06371075
2021-06-11,395546547.1401183
2021-06-14,398169703.85490716
2021-06-15,401943972.402272
2021-06-16,397603526.16123223
2021-06-17,392829039.04033065
2021-06-18,382449698.7242398
2021-06-21,382449698.7242398
2021-06-22,382449698.7242398
2021-06-23,382449698.7242398
2021-06-24,382449698.7242398
2021-06-25,382449698.7242398
2021-06-28,382449718.7242398
2021-06-29,383307638.7194726
2021-06-30,381871601.5196783
2021-07-01,385247210.050892
2021-07-02,384538517.68883795
2021-07-05,387988698.3992139
2021-07-06,367996184.0005301
2021-07-07,367996184.0005301
2021-07-08,367996184.0005301
2021-07-09,367996184.0005301
2021-07-12,367996184.0005301
2021-07-13,367996184.0005301
2021-07-14,367996184.0005301
2021-07-15,367996184.0005301
2021-07-16,367996184.0005301
2021-07-19,367996184.0005301
2021-07-20,367996184.0005301
2021-07-22,367996184.0005301
2021-07-23,367996184.0005301
2021-07-26,367996184.0005301
2021-07-27,367996184.0005301
2021-07-28,367996184.0005301
2021-07-29,367996184.0005301
2021-07-30,367996184.0005301
2021-08-02,367996184.0005301
2021-08-03,367996204.0005301
2021-08-04,366330691.8516305
2021-08-05,362898106.9322342
2021-08-06,366046335.85734653
2021-08-09,364929218.91341084
2021-08-10,359668633.62558436
2021-08-11,359668633.62558436
2021-08-12,359668653.62558436
2021-08-13,364052461.36636454
2021-08-16,361208910.4563961
2021-08-17,352796760.9871813
2021-08-18,349005364.83132464
2021-08-20,349005364.83132464
2021-08-23,349005364.83132464
2021-08-24,349005364.83132464
2021-08-25,349005364.83132464
2021-08-26,349005364.83132464
2021-08-27,349005364.83132464
2021-08-30,349005364.83132464
2021-08-31,349005364.83132464
2021-09-01,349005384.83132464
2021-09-02,349481341.2163724
2021-09-03,350611722.07801443
2021-09-06,353943316.03021604
2021-09-07,350334093.7947559
2021-09-08,351266122.2581201
2021-09-09,355371162.93942374
2021-09-13,356442043.30401546
2021-09-14,363105255.0380293
2021-09-15,369272670.04354906
2021-09-16,370561688.13830096
2021-09-17,368836383.5902763
2021-09-20,359535668.75512016
2021-09-21,356065238.7329423
2021-09-22,367626712.6328629
2021-09-23,380239209.794615
2021-09-24,381131588.27860504
2021-09-27,392018817.9971732
2021-09-28,392574073.8272242
2021-09-29,391562688.5531342
2021-09-30,396758393.5144907
2021-10-01,395152109.9144296
2021-10-04,404710635.4940849
2021-10-05,410620253.1590425
2021-10-06,404452843.63563305
2021-10-07,435785763.6901611
2021-10-08,460277047.9650547
2021-10-11,485720169.92504376
2021-10-12,503766381.7652658
2021-10-13,592410828.8326057
2021-10-14,602703129.9028116
2021-10-18,610080246.7212807
2021-10-19,585152697.1388965
2021-10-20,577140978.9184889
2021-10-21,596575346.3192358
2021-10-22,590566563.1646897
2021-10-25,574761273.164519
2021-10-26,595682958.5822667
2021-10-27,595107874.9200282
2021-10-28,576486561.6887904
2021-10-29,572322072.9824712
2021-11-01,573194651.2806073
2021-11-02,588722302.1633468
2021-11-03,579659529.4692392
2021-11-04,583526559.2695479
2021-11-08,593541210.6044797
2021-11-09,608335126.2425523
2021-11-10,605598453.2667644
2021-11-11,604230102.7936786
2021-11-12,600462223.4989246
2021-11-15,604785402.7073816
2021-11-16,615593284.8468088
2021-11-17,629474998.4267011
2021-11-18,612856590.4888144
2021-11-22,585707964.6234487
2021-11-23,585707964.6234487
2021-11-24,585707964.6234487
2021-11-25,585707964.6234487
2021-11-26,585707964.6234487
2021-11-29,585707964.6234487
2021-11-30,585707964.6234487
2021-12-01,585707964.6234487
2021-12-02,585707964.6234487
2021-12-03,585707964.6234487
2021-12-06,585707964.6234487
2021-12-07,585707964.6234487
2021-12-08,585707984.6234487
2021-12-09,589146662.9690584
2021-12-10,587477008.2986685
2021-12-13,594692262.023793
2021-12-14,582249422.1429151
2021-12-15,586999971.1875213
2021-12-16,586701803.4313872
2021-12-17,567381622.104147
2021-12-20,567381622.104147
2021-12-21,567381622.104147
2021-12-22,567381622.104147
2021-12-23,567381622.104147
2021-12-24,567381622.104147
2021-12-27,567381622.104147
2021-12-28,567381642.104147
2021-12-29,565879832.2933089
2021-12-30,559378616.2994002
2021-12-31,559378636.2994002
2022-01-03,579842032.861145
2022-01-04,572917163.7567505
2022-01-05,570349482.9964095
2022-01-06,567567887.1167711
2022-01-07,571827854.6405363
2022-01-10,583518438.6911381
2022-01-11,586416753.9212762
2022-01-12,592349626.5020319
2022-01-13,591552073.5517799
2022-01-14,595598090.8582044
2022-01-17,608416917.3061259
2022-01-18,601628158.236563
2022-01-19,602172816.3930326
2022-01-20,603359390.5187805
2022-01-21,587428255.6031306
2022-01-24,566478559.2040164
2022-01-25,566478559.2040164
2022-01-27,566478559.2040164
2022-01-28,566478559.2040164
2022-01-31,566478579.2040164
2022-02-01,557663925.37012
2022-02-02,562808866.696234
2022-02-03,561204546.317834
2022-02-04,555948936.8070179
2022-02-07,555948936.8070179
2022-02-08,555948936.8070179
2022-02-09,555948936.8070179
2022-02-10,555948956.8070179
2022-02-11,548899826.8542655
2022-02-14,548899826.8542655
2022-02-15,548899826.8542655
2022-02-16,548899826.8542655
2022-02-17,548899846.8542655
2022-02-18,540737665.1864762
2022-02-21,540737665.1864762
2022-02-22,540737665.1864762
2022-02-23,540737665.1864762
2022-02-24,540737665.1864762
2022-02-25,540737665.1864762
2022-02-28,540737665.1864762
2022-03-02,540737665.1864762
2022-03-03,540737665.1864762
2022-03-04,540737665.1864762
2022-03-07,540737665.1864762
2022-03-08,540737665.1864762
2022-03-09,540737665.1864762
2022-03-10,540737665.1864762
2022-03-11,540737665.1864762
2022-03-14,540737665.1864762
2022-03-15,540737665.1864762
2022-03-16,540737665.1864762
2022-03-17,540737685.1864762
2022-03-21,537532498.3088309
2022-03-22,542381910.8756138
2022-03-23,548375976.5528531
2022-03-24,539530542.5734131
2022-03-25,539780299.1966004
2022-03-28,538698046.3909774
2022-03-29,542985473.4679013
2022-03-30,546294684.9196395
2022-03-31,543068720.5175561
2022-04-01,547064760.0204878
2022-04-04,556763530.7346385
2022-04-05,569542607.2907207
2022-04-06,570874628.3048327
2022-04-07,564901347.1027703
2022-04-08,565275998.7808931
2022-04-11,566920203.3793259
2022-04-12,551164847.5419183
2022-04-13,551164847.5419183
2022-04-18,551164847.5419183
2022-04-19,551164847.5419183
2022-04-20,551164847.5419183
2022-04-21,551164867.5419183
2022-04-22,545255618.7801551
2022-04-25,528866221.5653127
2022-04-26,528866221.5653127
2022-04-27,528866221.5653127
2022-04-28,528866221.5653127
2022-04-29,528866221.5653127
2022-05-02,528866221.5653127
2022-05-04,528866221.5653127
2022-05-05,528866221.5653127
2022-05-06,528866221.5653127
2022-05-09,528866221.5653127
2022-05-10,528866221.5653127
2022-05-11,528866221.5653127
2022-05-12,528866221.5653127
2022-05-13,528866221.5653127
2022-05-16,528866221.5653127
2022-05-17,528866241.5653127
2022-05-18,529603811.40916556
2022-05-19,506464846.86345714
2022-05-20,506464866.86345714
2022-05-23,515686964.0579126
2022-05-24,514511395.7865355
2022-05-25,510538815.0909641
2022-05-26,506018954.53031385
2022-05-27,522132291.88668096
2022-05-30,536543071.683162
2022-05-31,540535924.6290201
2022-06-01,539218492.3320041
2022-06-02,535245898.32158583
2022-06-03,529996392.7632676
2022-06-06,523287588.0732506
2022-06-07,528253339.9136003
2022-06-08,530239607.29056275
2022-06-09,523024070.9755134
2022-06-10,523024070.9755134
2022-06-13,523024070.9755134
2022-06-14,523024070.9755134
2022-06-15,523024070.9755134
2022-06-16,523024070.9755134
2022-06-17,523024070.9755134
2022-06-20,523024070.9755134
2022-06-21,523024070.9755134
2022-06-22,523024070.9755134
2022-06-23,523024070.9755134
2022-06-24,523024090.9755134
2022-06-27,530688725.4768195
2022-06-28,529900960.4143598
2022-06-29,531582896.9452673
2022-06-30,530475771.88335335
2022-07-01,523577660.425689
2022-07-04,523045369.06421834
2022-07-05,528431896.8864374
2022-07-06,529837064.3855407
2022-07-07,546358562.8333243
2022-07-08,559814205.8441315
2022-07-11,558536779.1250428
2022-07-12,550872131.5428891
2022-07-13,548700533.6336418
2022-07-14,546145641.3873221
2022-07-15,558515482.2404534
2022-07-18,573951145.5396677
2022-07-19,572865318.125478
2022-07-20,581637033.5453483
2022-07-21,579295052.8985746
2022-07-22,582147984.629793
2022-07-25,576314376.0412272
2022-07-26,566158777.3028642
2022-07-27,564263921.3796701
2022-07-28,561602570.3544501
2022-07-29,561602590.3544501
2022-08-01,588193719.8690331
2022-08-02,594091309.1810449
2022-08-03,585026132.9835391
2022-08-04,583213109.9231665
2022-08-05,584400963.9839061
2022-08-08,585422080.7528284
2022-08-10,590215164.6123508
2022-08-11,599030252.9896657
2022-08-12,595591728.062191
2022-08-16,608282974.1555212
2022-08-17,610179357.5629928
2022-08-18,604698566.3603934
2022-08-19,594841517.9363006
2022-08-22,573543580.0376817
2022-08-23,573543580.0376817
2022-08-24,573543580.0376817
2022-08-25,573543580.0376817
2022-08-26,573543580.0376817
2022-08-29,573543580.0376817
2022-08-30,573543580.0376817
2022-09-01,573543600.0376817
2022-09-02,569559065.4974787
2022-09-05,569559065.4974787
2022-09-06,569559065.4974787
2022-09-07,569559065.4974787
2022-09-08,569559065.4974787
2022-09-09,569559065.4974787
2022-09-12,569559065.4974787
2022-09-13,569559065.4974787
2022-09-14,569559065.4974787
2022-09-15,569559065.4974787
2022-09-16,569559065.4974787
2022-09-19,569559065.4974787
2022-09-20,569559065.4974787
2022-09-21,569559065.4974787
2022-09-22,569559065.4974787
2022-09-23,569559065.4974787
2022-09-26,569559065.4974787
2022-09-27,569559065.4974787
2022-09-28,569559065.4974787
2022-09-29,569559065.4974787
2022-09-30,569559065.4974787
2022-10-03,569559065.4974787
2022-10-04,569559065.4974787
2022-10-06,569559065.4974787
2022-10-07,569559065.4974787
2022-10-10,569559065.4974787
2022-10-11,569559065.4974787
2022-10-12,569559065.4974787
2022-10-13,569559065.4974787
2022-10-14,569559065.4974787
2022-10-17,569559065.4974787
2022-10-18,569559065.4974787
2022-10-19,569559065.4974787
2022-10-20,569559065.4974787
2022-10-21,569559065.4974787
2022-10-24,569559065.4974787
2022-10-25,569559085.4974787
2022-10-27,571966825.0648043
2022-10-28,573743403.4066249
2022-10-31,580031576.9940226
2022-11-01,587465160.6358954
2022-11-02,592537799.8450716
2022-11-03,586296344.6726348
2022-11-04,592935187.82768
2022-11-07,608129640.62228
2022-11-09,610747796.3695374
2022-11-10,580639364.8369913
2022-11-11,590807952.0277586
2022-11-14,605394674.1589262
2022-11-15,612337379.7230935
2022-11-16,607475144.5267059
2022-11-17,593893603.5797143
2022-11-18,594407888.5487276
2022-11-21,593145571.790125
2022-11-22,593145571.790125
2022-11-23,593145571.790125
2022-11-24,593145571.790125
2022-11-25,593145591.790125
2022-11-28,599410488.7404124
2022-11-29,596932049.8375844
2022-11-30,602944487.2388694
2022-12-01,605239373.3061794
2022-12-02,601957743.6315985
2022-12-05,593925825.2565788
2022-12-06,589221411.4066602
2022-12-07,589221411.4066602
2022-12-08,589221411.4066602
2022-12-09,589221411.4066602
2022-12-12,589221411.4066602
2022-12-13,589221411.4066602
2022-12-14,589221411.4066602
2022-12-15,589221411.4066602
2022-12-16,589221411.4066602
2022-12-19,589221411.4066602
2022-12-20,589221411.4066602
2022-12-21,589221411.4066602
2022-12-22,589221411.4066602
2022-12-23,589221411.4066602
2022-12-26,589221411.4066602
2022-12-27,589221411.4066602
2022-12-28,589221411.4066602
2022-12-29,589221411.4066602
2022-12-30,589221411.4066602
2023-01-02,589221411.4066602
2023-01-03,589221411.4066602
2023-01-04,589221411.4066602
2023-01-05,589221411.4066602
2023-01-06,589221411.4066602
2023-01-09,589221411.4066602
2023-01-10,589221431.4066602
2023-01-11,599323905.0893804
2023-01-12,595038749.4597216
2023-01-13,591711160.1525123
2023-01-16,591543568.6782545
2023-01-17,597169344.3735231
2023-01-18,589772088.4035817
2023-01-19,578688078.0978934
2023-01-20,582614147.4495599
2023-01-23,582614167.4495599
2023-01-24,597746374.396115
2023-01-25,601481819.2422836
2023-01-27,634863109.5347583
2023-01-30,633506937.8176466
2023-01-31,641358529.3796005
2023-02-01,640406823.1724511
2023-02-02,635124862.9889135
2023-02-03,636980662.1121733
2023-02-06,632198334.745065
2023-02-07,624203968.0370195
2023-02-08,624632209.9805132
2023-02-09,623847047.7498869
2023-02-10,630437675.3269358
2023-02-13,631389342.3420992
2023-02-14,627772838.9761264
2023-02-15,631555921.6370763
2023-02-16,633054852.3128858
2023-02-17,627344622.0611726
2023-02-20,630294902.9139159
2023-02-21,626678400.0457276
2023-02-22,626678400.0457276
2023-02-23,626678400.0457276
2023-02-24,626678400.0457276
2023-02-27,626678400.0457276
2023-02-28,626678400.0457276
2023-03-01,626678400.0457276
2023-03-02,626678400.0457276
2023-03-03,626678400.0457276
2023-03-06,626678420.0457276
2023-03-08,629115290.4628451
2023-03-09,623811502.2440324
2023-03-10,623285929.5055158
2023-03-13,610886600.3332083
2023-03-14,610886600.3332083
2023-03-15,610886600.3332083
2023-03-16,610886600.3332083
2023-03-17,610886600.3332083
2023-03-20,610886600.3332083
2023-03-21,610886600.3332083
2023-03-22,610886600.3332083
2023-03-23,610886600.3332083
2023-03-24,610886600.3332083
2023-03-27,610886600.3332083
2023-03-28,610886600.3332083
2023-03-29,610886600.3332083
2023-03-31,610886600.3332083
2023-04-03,610886620.3332083
2023-04-05,615581296.7902305
2023-04-06,626294808.5769467
2023-04-10,667656159.6563365
2023-04-11,663635609.7213852
2023-04-12,670400746.7578437
2023-04-13,676395497.8056209
2023-04-17,679380817.002821
2023-04-18,685881186.040959
2023-04-19,680247537.4291523
2023-04-20,686579355.4032781
2023-04-21,681379105.6250199
2023-04-24,683497724.8430759
2023-04-25,684629252.6226451
2023-04-26,688697972.9772707
2023-04-27,693416732.339635
2023-04-28,698809607.8630898
2023-05-02,692790746.1279627
2023-05-03,696522442.9566951
2023-05-04,696233510.4709563
2023-05-05,692381490.9021709
2023-05-08,713062179.1354804
2023-05-09,730926025.3815552
2023-05-10,735139258.1024871
2023-05-11,737306026.1908381
2023-05-12,744769304.2298077
2023-05-15,765353726.973303
2023-05-16,758829346.8971329
2023-05-17,747273149.1000735
2023-05-18,739809831.8756684
2023-05-19,749271415.8828955
2023-05-22,755410612.0701133
2023-05-23,761092443.950296
2023-05-24,755482871.8629589
2023-05-25,742458067.0538735
2023-05-26,746526836.0294601
2023-05-29,754158668.4937094
2023-05-30,751293710.9577544
2023-05-31,756060701.3931144
2023-06-01,767664900.4730953
2023-06-02,775176466.8691258
2023-06-05,786275161.6772687
2023-06-06,798384983.7313057
2023-06-07,816200737.5363904
2023-06-08,815309936.2693038
2023-06-09,812806130.817824
2023-06-12,815526696.261139
2023-06-13,815671089.2302893
2023-06-14,821208437.0153677
2023-06-15,823953011.6207917
2023-06-16,822436231.3901993
2023-06-19,820221325.0099891
2023-06-20,832860819.0394951
2023-06-21,838687131.3230506
2023-06-22,829273629.9450675
2023-06-23,813022832.9325702
2023-06-26,813022852.9325702
2023-06-27,824441153.7971435
2023-06-28,824848907.6526356
2023-06-30,855193652.894662
2023-07-03,855457531.7259773
2023-07-04,852698957.0416117
2023-07-05,847349645.9945148
2023-07-06,860830838.6717138
2023-07-07,880452955.6092755
2023-07-10,897628298.839688
2023-07-11,902473915.2214518
2023-07-12,897916189.7060903
2023-07-13,893622398.0099553
2023-07-14,897340469.6942749
2023-07-17,893622358.5271394
2023-07-18,882731821.3044894
2023-07-19,890455925.4581747
2023-07-20,893046673.4316322
2023-07-21,899283509.7455792
2023-07-24,906719782.8876662
2023-07-25,918881672.2509109
2023-07-26,933370387.5099479
2023-07-27,925406349.3424221
2023-07-28,920686748.3922828
2023-07-31,926774621.474451
2023-08-01,932934694.3850262
2023-08-02,906393532.24007
2023-08-03,894915619.4212554
2023-08-04,894915619.4212554
2023-08-07,894915619.4212554
2023-08-08,894915619.4212554
2023-08-09,894915619.4212554
2023-08-10,894915619.4212554
2023-08-11,894915619.4212554
2023-08-14,894915619.4212554
2023-08-16,894915619.4212554
2023-08-17,894915619.4212554
2023-08-18,894915619.4212554
2023-08-21,894915639.4212554
2023-08-22,898141695.3298674
2023-08-23,890678456.7939761
2023-08-24,890678456.7939761
2023-08-25,890678456.7939761
2023-08-28,890678456.7939761
2023-08-29,890678456.7939761
2023-08-30,890678456.7939761
2023-08-31,890678456.7939761
2023-09-01,890678456.7939761
2023-09-04,890678456.7939761
2023-09-05,890678476.7939761
2023-09-06,885978164.3757672
2023-09-07,891817193.2723885
2023-09-08,906305691.0191189
2023-09-11,921036441.5619463
2023-09-12,908583121.6665114
2023-09-13,908050112.2757571
2023-09-14,910351765.2452775
2023-09-15,919655443.8651451
2023-09-18,929395213.0114069
2023-09-20,931575724.7943484
2023-09-21,917159923.5914187
2023-09-22,906257196.7992873
2023-09-25,906257196.7992873
2023-09-26,906257196.7992873
2023-09-27,906257196.7992873
2023-09-28,906257196.7992873
2023-09-29,906257216.7992873
2023-10-03,902160193.22372
2023-10-04,902160193.22372
2023-10-05,902160193.22372
2023-10-06,902160193.22372
2023-10-09,902160193.22372
2023-10-10,902160213.22372
2023-10-11,913553245.8916478
2023-10-12,917294980.8997833
2023-10-13,944590269.3055952
2023-10-16,961931674.8818548
2023-10-17,950418745.5785266
2023-10-18,956798808.3247923
2023-10-19,959269279.786531
2023-10-20,959461203.4201242
2023-10-23,940033056.5335187
2023-10-25,923818959.0525677
2023-10-26,923818959.0525677
2023-10-27,923818959.0525677
2023-10-30,923818959.0525677
2023-10-31,923818959.0525677
2023-11-01,923818959.0525677
2023-11-02,923818959.0525677
2023-11-03,923818979.0525677
