,Open,High,Low,Close,Volume,Dividends,Stock Splits
2023-10-16 03:45:00,19737.25,19737.25,19698.94921875,19713.55078125,0.0,0.0,0.0
2023-10-16 04:00:00,19716.5,19720.900390625,19694.75,19715.30078125,0.0,0.0,0.0
2023-10-16 04:15:00,19715.5,19738.5,19710.55078125,19730.05078125,0.0,0.0,0.0
2023-10-16 04:30:00,19730.19921875,19754.0,19724.55078125,19749.30078125,0.0,0.0,0.0
2023-10-16 04:45:00,19750.0,19767.55078125,19739.099609375,19753.650390625,0.0,0.0,0.0
2023-10-16 05:00:00,19753.44921875,19763.849609375,19751.900390625,19763.849609375,0.0,0.0,0.0
2023-10-16 05:15:00,19758.849609375,19759.150390625,19742.900390625,19750.0,0.0,0.0,0.0
2023-10-16 05:30:00,19750.150390625,19763.849609375,19726.25,19742.44921875,0.0,0.0,0.0
2023-10-16 05:45:00,19742.349609375,19750.0,19731.30078125,19748.349609375,0.0,0.0,0.0
2023-10-16 06:00:00,19749.0,19775.55078125,19747.75,19773.25,0.0,0.0,0.0
2023-10-16 06:15:00,19773.349609375,19780.5,19759.849609375,19766.69921875,0.0,0.0,0.0
2023-10-16 06:30:00,19766.349609375,19771.75,19757.30078125,19762.0,0.0,0.0,0.0
2023-10-16 06:45:00,19761.05078125,19770.349609375,19755.5,19766.5,0.0,0.0,0.0
2023-10-16 07:00:00,19766.849609375,19774.650390625,19757.150390625,19764.650390625,0.0,0.0,0.0
2023-10-16 07:15:00,19765.25,19777.75,19765.25,19770.05078125,0.0,0.0,0.0
2023-10-16 07:30:00,19770.69921875,19781.19921875,19751.650390625,19754.69921875,0.0,0.0,0.0
2023-10-16 07:45:00,19753.69921875,19761.69921875,19744.400390625,19759.69921875,0.0,0.0,0.0
2023-10-16 08:00:00,19758.94921875,19771.94921875,19748.900390625,19761.94921875,0.0,0.0,0.0
2023-10-16 08:15:00,19761.650390625,19770.05078125,19755.650390625,19766.75,0.0,0.0,0.0
2023-10-16 08:30:00,19767.0,19771.75,19752.5,19754.19921875,0.0,0.0,0.0
2023-10-16 08:45:00,19754.44921875,19769.150390625,19747.650390625,19764.400390625,0.0,0.0,0.0
2023-10-16 09:00:00,19763.75,19771.5,19755.05078125,19757.650390625,0.0,0.0,0.0
2023-10-16 09:15:00,19758.0,19766.55078125,19749.30078125,19749.30078125,0.0,0.0,0.0
2023-10-16 09:30:00,19749.099609375,19760.150390625,19730.44921875,19730.44921875,0.0,0.0,0.0
2023-10-16 09:45:00,19730.849609375,19731.80078125,19718.80078125,19730.94921875,0.0,0.0,0.0
2023-10-17 03:45:00,19843.19921875,19843.19921875,19812.099609375,19823.69921875,0.0,0.0,0.0
2023-10-17 04:00:00,19818.900390625,19829.849609375,19814.650390625,19827.0,0.0,0.0,0.0
2023-10-17 04:15:00,19827.400390625,19836.5,19823.650390625,19831.349609375,0.0,0.0,0.0
2023-10-17 04:30:00,19831.19921875,19835.05078125,19816.849609375,19821.349609375,0.0,0.0,0.0
2023-10-17 04:45:00,19821.75,19830.69921875,19814.80078125,19817.599609375,0.0,0.0,0.0
2023-10-17 05:00:00,19817.55078125,19840.400390625,19814.5,19832.900390625,0.0,0.0,0.0
2023-10-17 05:15:00,19833.150390625,19841.5,19830.349609375,19830.599609375,0.0,0.0,0.0
2023-10-17 05:30:00,19830.80078125,19834.55078125,19824.25,19834.55078125,0.0,0.0,0.0
2023-10-17 05:45:00,19834.0,19836.19921875,19826.900390625,19830.25,0.0,0.0,0.0
2023-10-17 06:00:00,19829.849609375,19834.599609375,19825.30078125,19829.599609375,0.0,0.0,0.0
2023-10-17 06:15:00,19829.849609375,19834.44921875,19821.0,19828.80078125,0.0,0.0,0.0
2023-10-17 06:30:00,19829.25,19834.55078125,19824.5,19833.650390625,0.0,0.0,0.0
2023-10-17 06:45:00,19833.0,19834.5,19825.349609375,19827.5,0.0,0.0,0.0
2023-10-17 07:00:00,19826.80078125,19843.099609375,19823.650390625,19843.099609375,0.0,0.0,0.0
2023-10-17 07:15:00,19842.05078125,19848.0,19838.599609375,19843.19921875,0.0,0.0,0.0
2023-10-17 07:30:00,19843.19921875,19844.599609375,19832.900390625,19841.599609375,0.0,0.0,0.0
2023-10-17 07:45:00,19841.25,19848.05078125,19837.55078125,19840.900390625,0.0,0.0,0.0
2023-10-17 08:00:00,19840.150390625,19843.05078125,19815.75,19825.849609375,0.0,0.0,0.0
2023-10-17 08:15:00,19825.80078125,19829.69921875,19816.599609375,19817.400390625,0.0,0.0,0.0
2023-10-17 08:30:00,19817.55078125,19819.0,19775.849609375,19782.30078125,0.0,0.0,0.0
2023-10-17 08:45:00,19781.599609375,19803.349609375,19779.650390625,19789.05078125,0.0,0.0,0.0
2023-10-17 09:00:00,19789.099609375,19801.099609375,19787.75,19794.05078125,0.0,0.0,0.0
2023-10-17 09:15:00,19794.349609375,19801.0,19786.099609375,19796.19921875,0.0,0.0,0.0
2023-10-17 09:30:00,19796.099609375,19821.75,19794.900390625,19810.400390625,0.0,0.0,0.0
2023-10-17 09:45:00,19810.099609375,19823.349609375,19804.80078125,19818.349609375,0.0,0.0,0.0
2023-10-18 03:45:00,19820.44921875,19821.55078125,19775.349609375,19791.19921875,0.0,0.0,0.0
2023-10-18 04:00:00,19792.44921875,19818.900390625,19786.5,19816.25,0.0,0.0,0.0
2023-10-18 04:15:00,19817.150390625,19821.94921875,19802.30078125,19813.650390625,0.0,0.0,0.0
2023-10-18 04:30:00,19813.349609375,19840.19921875,19812.55078125,19832.69921875,0.0,0.0,0.0
2023-10-18 04:45:00,19832.69921875,19836.900390625,19827.05078125,19830.55078125,0.0,0.0,0.0
2023-10-18 05:00:00,19830.400390625,19831.849609375,19787.30078125,19787.5,0.0,0.0,0.0
2023-10-18 05:15:00,19788.44921875,19788.44921875,19758.900390625,19768.44921875,0.0,0.0,0.0
2023-10-18 05:30:00,19767.900390625,19768.80078125,19717.75,19724.900390625,0.0,0.0,0.0
2023-10-18 05:45:00,19725.25,19745.69921875,19719.80078125,19738.80078125,0.0,0.0,0.0
2023-10-18 06:00:00,19738.44921875,19751.05078125,19730.099609375,19733.05078125,0.0,0.0,0.0
2023-10-18 06:15:00,19733.5,19733.5,19695.30078125,19697.849609375,0.0,0.0,0.0
2023-10-18 06:30:00,19697.349609375,19710.30078125,19690.0,19700.80078125,0.0,0.0,0.0
2023-10-18 06:45:00,19700.599609375,19708.44921875,19689.0,19703.25,0.0,0.0,0.0
2023-10-18 07:00:00,19703.5,19703.5,19685.900390625,19696.05078125,0.0,0.0,0.0
2023-10-18 07:15:00,19695.44921875,19696.599609375,19681.25,19690.900390625,0.0,0.0,0.0
2023-10-18 07:30:00,19690.80078125,19710.55078125,19689.0,19709.650390625,0.0,0.0,0.0
2023-10-18 07:45:00,19708.80078125,19709.94921875,19691.94921875,19705.69921875,0.0,0.0,0.0
2023-10-18 08:00:00,19704.75,19709.44921875,19690.19921875,19700.5,0.0,0.0,0.0
2023-10-18 08:15:00,19700.25,19717.400390625,19696.400390625,19716.099609375,0.0,0.0,0.0
2023-10-18 08:30:00,19716.55078125,19725.400390625,19710.05078125,19719.44921875,0.0,0.0,0.0
2023-10-18 08:45:00,19719.349609375,19719.75,19695.05078125,19703.55078125,0.0,0.0,0.0
2023-10-18 09:00:00,19704.599609375,19706.650390625,19677.849609375,19684.0,0.0,0.0,0.0
2023-10-18 09:15:00,19683.44921875,19695.25,19682.19921875,19684.19921875,0.0,0.0,0.0
2023-10-18 09:30:00,19683.05078125,19698.599609375,19660.599609375,19672.05078125,0.0,0.0,0.0
2023-10-18 09:45:00,19672.05078125,19672.099609375,19661.599609375,19668.44921875,0.0,0.0,0.0
2023-10-19 03:45:00,19545.19921875,19568.69921875,19534.599609375,19553.5,0.0,0.0,0.0
2023-10-19 04:00:00,19553.69921875,19556.099609375,19513.349609375,19542.599609375,0.0,0.0,0.0
2023-10-19 04:15:00,19541.599609375,19592.849609375,19536.849609375,19588.69921875,0.0,0.0,0.0
2023-10-19 04:30:00,19589.05078125,19592.5,19567.150390625,19575.400390625,0.0,0.0,0.0
2023-10-19 04:45:00,19574.30078125,19591.30078125,19560.80078125,19584.94921875,0.0,0.0,0.0
2023-10-19 05:00:00,19584.19921875,19589.0,19555.0,19563.75,0.0,0.0,0.0
2023-10-19 05:15:00,19563.599609375,19578.25,19558.05078125,19559.80078125,0.0,0.0,0.0
2023-10-19 05:30:00,19559.05078125,19581.44921875,19555.099609375,19574.849609375,0.0,0.0,0.0
2023-10-19 05:45:00,19574.19921875,19645.099609375,19574.19921875,19640.849609375,0.0,0.0,0.0
2023-10-19 06:00:00,19640.900390625,19660.5,19632.80078125,19641.94921875,0.0,0.0,0.0
2023-10-19 06:15:00,19641.44921875,19656.400390625,19635.150390625,19637.25,0.0,0.0,0.0
2023-10-19 06:30:00,19637.44921875,19664.650390625,19637.44921875,19661.30078125,0.0,0.0,0.0
2023-10-19 06:45:00,19661.0,19664.150390625,19633.849609375,19649.0,0.0,0.0,0.0
2023-10-19 07:00:00,19648.849609375,19650.349609375,19638.94921875,19645.900390625,0.0,0.0,0.0
2023-10-19 07:15:00,19646.150390625,19663.900390625,19642.599609375,19652.349609375,0.0,0.0,0.0
2023-10-19 07:30:00,19651.5,19656.400390625,19634.25,19643.69921875,0.0,0.0,0.0
2023-10-19 07:45:00,19643.05078125,19647.349609375,19618.349609375,19642.94921875,0.0,0.0,0.0
2023-10-19 08:00:00,19642.599609375,19656.849609375,19639.650390625,19651.80078125,0.0,0.0,0.0
2023-10-19 08:15:00,19652.05078125,19661.900390625,19646.25,19656.349609375,0.0,0.0,0.0
2023-10-19 08:30:00,19656.19921875,19681.75,19651.05078125,19657.650390625,0.0,0.0,0.0
2023-10-19 08:45:00,19657.69921875,19660.599609375,19637.19921875,19641.349609375,0.0,0.0,0.0
2023-10-19 09:00:00,19641.94921875,19652.55078125,19628.650390625,19644.150390625,0.0,0.0,0.0
2023-10-19 09:15:00,19644.44921875,19647.19921875,19634.099609375,19641.30078125,0.0,0.0,0.0
2023-10-19 09:30:00,19641.94921875,19648.0,19621.099609375,19622.099609375,0.0,0.0,0.0
2023-10-19 09:45:00,19621.94921875,19631.25,19601.599609375,19611.900390625,0.0,0.0,0.0
2023-10-20 03:45:00,19542.150390625,19585.94921875,19520.0,19576.69921875,0.0,0.0,0.0
2023-10-20 04:00:00,19577.05078125,19593.650390625,19560.44921875,19561.94921875,0.0,0.0,0.0
2023-10-20 04:15:00,19562.19921875,19584.900390625,19550.900390625,19551.75,0.0,0.0,0.0
2023-10-20 04:30:00,19551.44921875,19583.80078125,19548.75,19570.599609375,0.0,0.0,0.0
2023-10-20 04:45:00,19572.349609375,19578.900390625,19550.94921875,19558.25,0.0,0.0,0.0
2023-10-20 05:00:00,19558.30078125,19560.30078125,19545.849609375,19554.25,0.0,0.0,0.0
2023-10-20 05:15:00,19553.94921875,19568.30078125,19547.900390625,19549.150390625,0.0,0.0,0.0
2023-10-20 05:30:00,19549.150390625,19569.150390625,19545.349609375,19567.25,0.0,0.0,0.0
2023-10-20 05:45:00,19567.650390625,19575.25,19556.349609375,19560.400390625,0.0,0.0,0.0
2023-10-20 06:00:00,19560.19921875,19565.25,19540.650390625,19541.69921875,0.0,0.0,0.0
2023-10-20 06:15:00,19542.150390625,19547.349609375,19526.80078125,19539.19921875,0.0,0.0,0.0
2023-10-20 06:30:00,19539.349609375,19557.05078125,19530.599609375,19546.94921875,0.0,0.0,0.0
2023-10-20 06:45:00,19546.75,19557.80078125,19541.0,19546.099609375,0.0,0.0,0.0
2023-10-20 07:00:00,19546.19921875,19547.0,19527.599609375,19532.94921875,0.0,0.0,0.0
2023-10-20 07:15:00,19533.349609375,19543.19921875,19525.75,19531.0,0.0,0.0,0.0
2023-10-20 07:30:00,19529.900390625,19543.349609375,19527.44921875,19533.599609375,0.0,0.0,0.0
2023-10-20 07:45:00,19533.099609375,19566.30078125,19533.099609375,19554.80078125,0.0,0.0,0.0
2023-10-20 08:00:00,19555.19921875,19555.19921875,19534.5,19542.94921875,0.0,0.0,0.0
2023-10-20 08:15:00,19543.099609375,19549.30078125,19531.650390625,19543.25,0.0,0.0,0.0
2023-10-20 08:30:00,19543.400390625,19550.099609375,19538.44921875,19541.05078125,0.0,0.0,0.0
2023-10-20 08:45:00,19540.849609375,19552.30078125,19538.30078125,19539.44921875,0.0,0.0,0.0
2023-10-20 09:00:00,19540.25,19545.94921875,19531.55078125,19542.900390625,0.0,0.0,0.0
2023-10-20 09:15:00,19542.400390625,19550.599609375,19535.94921875,19538.05078125,0.0,0.0,0.0
2023-10-20 09:30:00,19536.5,19555.05078125,19529.099609375,19546.400390625,0.0,0.0,0.0
2023-10-20 09:45:00,19546.44921875,19546.5,19526.5,19541.75,0.0,0.0,0.0
2023-10-23 03:45:00,19521.599609375,19556.349609375,19519.150390625,19546.44921875,0.0,0.0,0.0
2023-10-23 04:00:00,19546.30078125,19550.150390625,19524.0,19539.0,0.0,0.0,0.0
2023-10-23 04:15:00,19540.05078125,19547.0,19530.69921875,19539.30078125,0.0,0.0,0.0
2023-10-23 04:30:00,19539.849609375,19545.599609375,19482.55078125,19484.849609375,0.0,0.0,0.0
2023-10-23 04:45:00,19485.69921875,19490.099609375,19460.75,19471.80078125,0.0,0.0,0.0
2023-10-23 05:00:00,19471.849609375,19480.349609375,19463.849609375,19467.25,0.0,0.0,0.0
2023-10-23 05:15:00,19468.099609375,19488.099609375,19462.849609375,19482.400390625,0.0,0.0,0.0
2023-10-23 05:30:00,19483.30078125,19490.400390625,19477.099609375,19484.44921875,0.0,0.0,0.0
2023-10-23 05:45:00,19484.849609375,19488.099609375,19469.0,19479.349609375,0.0,0.0,0.0
2023-10-23 06:00:00,19479.400390625,19480.80078125,19462.849609375,19463.5,0.0,0.0,0.0
2023-10-23 06:15:00,19463.55078125,19482.19921875,19444.94921875,19480.25,0.0,0.0,0.0
2023-10-23 06:30:00,19479.69921875,19482.150390625,19454.80078125,19459.44921875,0.0,0.0,0.0
2023-10-23 06:45:00,19460.599609375,19469.80078125,19452.0,19460.650390625,0.0,0.0,0.0
2023-10-23 07:00:00,19460.44921875,19463.900390625,19447.19921875,19459.349609375,0.0,0.0,0.0
2023-10-23 07:15:00,19457.30078125,19459.80078125,19445.650390625,19453.80078125,0.0,0.0,0.0
2023-10-23 07:30:00,19452.44921875,19454.05078125,19430.0,19432.80078125,0.0,0.0,0.0
2023-10-23 07:45:00,19433.349609375,19446.69921875,19430.849609375,19433.55078125,0.0,0.0,0.0
2023-10-23 08:00:00,19434.099609375,19435.05078125,19405.5,19418.19921875,0.0,0.0,0.0
2023-10-23 08:15:00,19417.849609375,19439.900390625,19413.650390625,19432.94921875,0.0,0.0,0.0
2023-10-23 08:30:00,19432.349609375,19440.5,19422.900390625,19437.75,0.0,0.0,0.0
2023-10-23 08:45:00,19436.80078125,19437.75,19418.099609375,19429.900390625,0.0,0.0,0.0
2023-10-23 09:00:00,19429.05078125,19432.5,19391.30078125,19392.150390625,0.0,0.0,0.0
2023-10-23 09:15:00,19391.099609375,19399.25,19320.75,19341.80078125,0.0,0.0,0.0
2023-10-23 09:30:00,19341.75,19341.75,19269.55078125,19272.69921875,0.0,0.0,0.0
2023-10-23 09:45:00,19273.55078125,19283.150390625,19257.94921875,19278.44921875,0.0,0.0,0.0
2023-10-25 03:45:00,19286.44921875,19335.55078125,19260.5,19281.25,0.0,0.0,0.0
2023-10-25 04:00:00,19280.30078125,19328.900390625,19271.599609375,19326.25,0.0,0.0,0.0
2023-10-25 04:15:00,19325.5,19346.69921875,19316.05078125,19331.75,0.0,0.0,0.0
2023-10-25 04:30:00,19331.69921875,19333.80078125,19284.349609375,19315.30078125,0.0,0.0,0.0
2023-10-25 04:45:00,19314.05078125,19320.400390625,19298.75,19298.75,0.0,0.0,0.0
2023-10-25 05:00:00,19299.400390625,19312.94921875,19291.55078125,19293.69921875,0.0,0.0,0.0
2023-10-25 05:15:00,19293.650390625,19296.19921875,19270.75,19281.05078125,0.0,0.0,0.0
2023-10-25 05:30:00,19280.900390625,19289.69921875,19261.44921875,19274.05078125,0.0,0.0,0.0
2023-10-25 05:45:00,19273.69921875,19279.69921875,19247.75,19256.099609375,0.0,0.0,0.0
2023-10-25 06:00:00,19256.44921875,19257.349609375,19212.150390625,19212.150390625,0.0,0.0,0.0
2023-10-25 06:15:00,19212.55078125,19253.599609375,19210.44921875,19251.150390625,0.0,0.0,0.0
2023-10-25 06:30:00,19250.80078125,19252.150390625,19220.25,19228.400390625,0.0,0.0,0.0
2023-10-25 06:45:00,19229.44921875,19234.75,19202.150390625,19204.0,0.0,0.0,0.0
2023-10-25 07:00:00,19204.349609375,19205.0,19144.75,19145.19921875,0.0,0.0,0.0
2023-10-25 07:15:00,19144.94921875,19164.05078125,19080.849609375,19090.55078125,0.0,0.0,0.0
2023-10-25 07:30:00,19090.80078125,19117.75,19080.80078125,19080.80078125,0.0,0.0,0.0
2023-10-25 07:45:00,19080.650390625,19139.55078125,19075.099609375,19131.099609375,0.0,0.0,0.0
2023-10-25 08:00:00,19132.849609375,19143.150390625,19110.599609375,19118.0,0.0,0.0,0.0
2023-10-25 08:15:00,19117.650390625,19160.150390625,19101.849609375,19154.849609375,0.0,0.0,0.0
2023-10-25 08:30:00,19154.349609375,19175.44921875,19138.94921875,19174.349609375,0.0,0.0,0.0
2023-10-25 08:45:00,19173.849609375,19177.19921875,19129.349609375,19145.599609375,0.0,0.0,0.0
2023-10-25 09:00:00,19145.75,19151.900390625,19118.099609375,19145.75,0.0,0.0,0.0
2023-10-25 09:15:00,19144.650390625,19167.599609375,19143.0,19148.349609375,0.0,0.0,0.0
2023-10-25 09:30:00,19149.44921875,19156.0,19121.099609375,19129.5,0.0,0.0,0.0
2023-10-25 09:45:00,19129.30078125,19135.599609375,19102.30078125,19125.650390625,0.0,0.0,0.0
2023-10-26 03:45:00,19027.25,19034.599609375,18961.349609375,18962.94921875,0.0,0.0,0.0
2023-10-26 04:00:00,18961.0,18976.94921875,18927.05078125,18932.05078125,0.0,0.0,0.0
2023-10-26 04:15:00,18932.900390625,18944.0,18920.900390625,18933.94921875,0.0,0.0,0.0
2023-10-26 04:30:00,18935.150390625,18949.25,18908.75,18914.19921875,0.0,0.0,0.0
2023-10-26 04:45:00,18913.599609375,18920.19921875,18884.400390625,18891.44921875,0.0,0.0,0.0
2023-10-26 05:00:00,18890.5,18906.69921875,18890.05078125,18903.349609375,0.0,0.0,0.0
2023-10-26 05:15:00,18903.599609375,18907.400390625,18872.400390625,18877.5,0.0,0.0,0.0
2023-10-26 05:30:00,18877.05078125,18882.400390625,18860.44921875,18861.900390625,0.0,0.0,0.0
2023-10-26 05:45:00,18862.099609375,18864.44921875,18851.25,18853.30078125,0.0,0.0,0.0
2023-10-26 06:00:00,18853.849609375,18880.099609375,18850.30078125,18875.5,0.0,0.0,0.0
2023-10-26 06:15:00,18875.55078125,18896.849609375,18872.25,18875.150390625,0.0,0.0,0.0
2023-10-26 06:30:00,18874.599609375,18884.05078125,18856.19921875,18858.69921875,0.0,0.0,0.0
2023-10-26 06:45:00,18859.44921875,18891.69921875,18857.400390625,18869.900390625,0.0,0.0,0.0
2023-10-26 07:00:00,18869.75,18871.69921875,18858.25,18868.150390625,0.0,0.0,0.0
2023-10-26 07:15:00,18867.849609375,18880.900390625,18865.44921875,18872.25,0.0,0.0,0.0
2023-10-26 07:30:00,18872.349609375,18903.80078125,18871.599609375,18891.650390625,0.0,0.0,0.0
2023-10-26 07:45:00,18891.05078125,18899.099609375,18845.55078125,18852.55078125,0.0,0.0,0.0
2023-10-26 08:00:00,18852.5,18870.5,18844.900390625,18855.849609375,0.0,0.0,0.0
2023-10-26 08:15:00,18859.349609375,18866.25,18844.44921875,18854.05078125,0.0,0.0,0.0
2023-10-26 08:30:00,18853.900390625,18874.099609375,18850.0,18871.80078125,0.0,0.0,0.0
2023-10-26 08:45:00,18871.5,18871.94921875,18857.44921875,18871.75,0.0,0.0,0.0
2023-10-26 09:00:00,18871.400390625,18879.30078125,18855.94921875,18872.099609375,0.0,0.0,0.0
2023-10-26 09:15:00,18871.80078125,18897.099609375,18869.900390625,18873.30078125,0.0,0.0,0.0
2023-10-26 09:30:00,18872.849609375,18875.25,18843.55078125,18859.55078125,0.0,0.0,0.0
2023-10-26 09:45:00,18859.900390625,18865.25,18839.44921875,18848.5,0.0,0.0,0.0
2023-10-27 03:45:00,18928.75,18987.80078125,18927.55078125,18968.099609375,0.0,0.0,0.0
2023-10-27 04:00:00,18967.25,19002.849609375,18967.25,18992.099609375,0.0,0.0,0.0
2023-10-27 04:15:00,18991.44921875,19025.69921875,18991.44921875,19003.900390625,0.0,0.0,0.0
2023-10-27 04:30:00,19001.599609375,19029.69921875,18990.19921875,18992.150390625,0.0,0.0,0.0
2023-10-27 04:45:00,18992.19921875,19000.099609375,18974.349609375,18991.400390625,0.0,0.0,0.0
2023-10-27 05:00:00,18991.55078125,19009.30078125,18989.5,19000.5,0.0,0.0,0.0
2023-10-27 05:15:00,19000.19921875,19012.5,18993.349609375,19009.650390625,0.0,0.0,0.0
2023-10-27 05:30:00,19009.849609375,19023.0,19005.19921875,19011.19921875,0.0,0.0,0.0
2023-10-27 05:45:00,19012.150390625,19036.69921875,19009.30078125,19030.400390625,0.0,0.0,0.0
2023-10-27 06:00:00,19030.55078125,19037.150390625,19019.80078125,19021.0,0.0,0.0,0.0
2023-10-27 06:15:00,19020.599609375,19055.25,19020.599609375,19051.30078125,0.0,0.0,0.0
2023-10-27 06:30:00,19051.44921875,19057.650390625,19044.44921875,19048.80078125,0.0,0.0,0.0
2023-10-27 06:45:00,19049.099609375,19053.05078125,19021.099609375,19023.400390625,0.0,0.0,0.0
2023-10-27 07:00:00,19023.150390625,19034.900390625,19014.30078125,19031.150390625,0.0,0.0,0.0
2023-10-27 07:15:00,19031.44921875,19043.69921875,19019.44921875,19019.55078125,0.0,0.0,0.0
2023-10-27 07:30:00,19019.650390625,19035.94921875,19018.80078125,19027.849609375,0.0,0.0,0.0
2023-10-27 07:45:00,19028.0,19047.5,19026.900390625,19041.44921875,0.0,0.0,0.0
2023-10-27 08:00:00,19041.55078125,19053.650390625,19036.349609375,19053.349609375,0.0,0.0,0.0
2023-10-27 08:15:00,19054.599609375,19073.400390625,19053.75,19073.150390625,0.0,0.0,0.0
2023-10-27 08:30:00,19073.150390625,19073.5,19045.80078125,19059.30078125,0.0,0.0,0.0
2023-10-27 08:45:00,19059.5,19065.900390625,19050.25,19057.80078125,0.0,0.0,0.0
2023-10-27 09:00:00,19057.80078125,19075.69921875,19056.599609375,19065.5,0.0,0.0,0.0
2023-10-27 09:15:00,19066.19921875,19071.650390625,19048.849609375,19066.55078125,0.0,0.0,0.0
2023-10-27 09:30:00,19065.69921875,19067.0,19036.849609375,19036.849609375,0.0,0.0,0.0
2023-10-27 09:45:00,19037.400390625,19060.5,19033.69921875,19060.5,0.0,0.0,0.0
2023-10-30 03:45:00,19053.400390625,19079.349609375,18998.05078125,19013.55078125,0.0,0.0,0.0
2023-10-30 04:00:00,19012.55078125,19012.55078125,18941.55078125,18946.5,0.0,0.0,0.0
2023-10-30 04:15:00,18947.150390625,18971.599609375,18940.150390625,18960.25,0.0,0.0,0.0
2023-10-30 04:30:00,18960.349609375,19015.349609375,18957.30078125,19010.900390625,0.0,0.0,0.0
2023-10-30 04:45:00,19011.5,19063.30078125,19000.099609375,19058.650390625,0.0,0.0,0.0
2023-10-30 05:00:00,19058.599609375,19067.099609375,19043.75,19064.599609375,0.0,0.0,0.0
2023-10-30 05:15:00,19064.599609375,19098.69921875,19063.80078125,19087.099609375,0.0,0.0,0.0
2023-10-30 05:30:00,19087.69921875,19092.650390625,19064.5,19075.599609375,0.0,0.0,0.0
2023-10-30 05:45:00,19075.349609375,19106.80078125,19068.349609375,19104.400390625,0.0,0.0,0.0
2023-10-30 06:00:00,19104.05078125,19117.80078125,19100.25,19109.94921875,0.0,0.0,0.0
2023-10-30 06:15:00,19104.599609375,19117.30078125,19096.94921875,19114.25,0.0,0.0,0.0
2023-10-30 06:30:00,19114.05078125,19128.900390625,19106.19921875,19108.80078125,0.0,0.0,0.0
2023-10-30 06:45:00,19107.650390625,19111.400390625,19086.599609375,19104.349609375,0.0,0.0,0.0
2023-10-30 07:00:00,19104.349609375,19116.94921875,19092.05078125,19112.650390625,0.0,0.0,0.0
2023-10-30 07:15:00,19112.0,19124.5,19107.900390625,19116.900390625,0.0,0.0,0.0
2023-10-30 07:30:00,19115.19921875,19128.650390625,19108.25,19127.849609375,0.0,0.0,0.0
2023-10-30 07:45:00,19126.349609375,19133.099609375,19118.75,19125.0,0.0,0.0,0.0
2023-10-30 08:00:00,19123.349609375,19141.30078125,19117.849609375,19122.599609375,0.0,0.0,0.0
2023-10-30 08:15:00,19121.69921875,19130.80078125,19107.44921875,19119.55078125,0.0,0.0,0.0
2023-10-30 08:30:00,19119.0,19126.94921875,19104.349609375,19119.599609375,0.0,0.0,0.0
2023-10-30 08:45:00,19118.25,19121.05078125,19100.80078125,19112.099609375,0.0,0.0,0.0
2023-10-30 09:00:00,19111.30078125,19128.900390625,19111.25,19127.25,0.0,0.0,0.0
2023-10-30 09:15:00,19126.75,19135.150390625,19121.05078125,19129.80078125,0.0,0.0,0.0
2023-10-30 09:30:00,19128.650390625,19154.44921875,19125.30078125,19138.400390625,0.0,0.0,0.0
2023-10-30 09:45:00,19138.44921875,19157.349609375,19134.650390625,19148.849609375,0.0,0.0,0.0
2023-10-31 03:45:00,19232.94921875,19232.94921875,19146.80078125,19159.599609375,0.0,0.0,0.0
2023-10-31 04:00:00,19157.75,19170.099609375,19110.900390625,19164.900390625,0.0,0.0,0.0
2023-10-31 04:15:00,19165.19921875,19165.19921875,19107.75,19124.150390625,0.0,0.0,0.0
2023-10-31 04:30:00,19125.599609375,19139.75,19094.849609375,19103.349609375,0.0,0.0,0.0
2023-10-31 04:45:00,19103.400390625,19116.650390625,19089.94921875,19103.5,0.0,0.0,0.0
2023-10-31 05:00:00,19103.650390625,19110.75,19066.400390625,19066.400390625,0.0,0.0,0.0
2023-10-31 05:15:00,19067.25,19098.0,19064.80078125,19097.650390625,0.0,0.0,0.0
2023-10-31 05:30:00,19097.599609375,19102.69921875,19082.80078125,19095.94921875,0.0,0.0,0.0
2023-10-31 05:45:00,19095.94921875,19116.75,19089.44921875,19116.099609375,0.0,0.0,0.0
2023-10-31 06:00:00,19116.5,19116.599609375,19083.19921875,19090.25,0.0,0.0,0.0
2023-10-31 06:15:00,19090.099609375,19093.44921875,19068.0,19079.19921875,0.0,0.0,0.0
2023-10-31 06:30:00,19079.150390625,19089.55078125,19076.25,19078.80078125,0.0,0.0,0.0
2023-10-31 06:45:00,19078.599609375,19099.94921875,19074.900390625,19085.150390625,0.0,0.0,0.0
2023-10-31 07:00:00,19084.150390625,19108.150390625,19083.69921875,19101.150390625,0.0,0.0,0.0
2023-10-31 07:15:00,19101.44921875,19102.44921875,19089.099609375,19096.25,0.0,0.0,0.0
2023-10-31 07:30:00,19096.05078125,19113.900390625,19093.400390625,19105.05078125,0.0,0.0,0.0
2023-10-31 07:45:00,19104.650390625,19118.900390625,19083.849609375,19118.900390625,0.0,0.0,0.0
2023-10-31 08:00:00,19119.55078125,19132.44921875,19088.900390625,19104.25,0.0,0.0,0.0
2023-10-31 08:15:00,19104.599609375,19113.80078125,19097.44921875,19100.099609375,0.0,0.0,0.0
2023-10-31 08:30:00,19099.94921875,19115.25,19096.44921875,19110.599609375,0.0,0.0,0.0
2023-10-31 08:45:00,19110.19921875,19136.25,19108.849609375,19135.55078125,0.0,0.0,0.0
2023-10-31 09:00:00,19135.5,19145.900390625,19123.5,19130.900390625,0.0,0.0,0.0
2023-10-31 09:15:00,19130.900390625,19142.900390625,19110.05078125,19116.25,0.0,0.0,0.0
2023-10-31 09:30:00,19115.900390625,19117.150390625,19056.650390625,19091.19921875,0.0,0.0,0.0
2023-10-31 09:45:00,19091.400390625,19091.650390625,19075.25,19086.55078125,0.0,0.0,0.0
2023-11-01 03:45:00,19064.05078125,19085.55078125,19033.19921875,19070.650390625,0.0,0.0,0.0
2023-11-01 04:00:00,19071.25,19095.94921875,19065.44921875,19078.349609375,0.0,0.0,0.0
2023-11-01 04:15:00,19077.69921875,19078.44921875,19033.900390625,19038.5,0.0,0.0,0.0
2023-11-01 04:30:00,19037.30078125,19046.099609375,19020.400390625,19044.099609375,0.0,0.0,0.0
2023-11-01 04:45:00,19045.150390625,19061.94921875,19044.19921875,19052.30078125,0.0,0.0,0.0
2023-11-01 05:00:00,19052.5,19055.099609375,19032.80078125,19049.69921875,0.0,0.0,0.0
2023-11-01 05:15:00,19050.599609375,19058.849609375,19043.55078125,19052.44921875,0.0,0.0,0.0
2023-11-01 05:30:00,19053.05078125,19053.75,19031.349609375,19046.650390625,0.0,0.0,0.0
2023-11-01 05:45:00,19046.69921875,19051.05078125,19037.400390625,19041.400390625,0.0,0.0,0.0
2023-11-01 06:00:00,19041.44921875,19046.400390625,19030.25,19045.25,0.0,0.0,0.0
2023-11-01 06:15:00,19044.599609375,19055.05078125,19039.44921875,19048.19921875,0.0,0.0,0.0
2023-11-01 06:30:00,19048.44921875,19052.849609375,19041.30078125,19051.5,0.0,0.0,0.0
2023-11-01 06:45:00,19051.5,19065.44921875,19048.650390625,19059.0,0.0,0.0,0.0
2023-11-01 07:00:00,19059.150390625,19059.150390625,19028.150390625,19038.0,0.0,0.0,0.0
2023-11-01 07:15:00,19038.349609375,19044.150390625,19029.150390625,19037.94921875,0.0,0.0,0.0
2023-11-01 07:30:00,19038.599609375,19039.400390625,18996.099609375,19002.94921875,0.0,0.0,0.0
2023-11-01 07:45:00,19001.94921875,19014.150390625,18986.25,19012.5,0.0,0.0,0.0
2023-11-01 08:00:00,19013.0,19033.44921875,19006.349609375,19033.44921875,0.0,0.0,0.0
2023-11-01 08:15:00,19033.599609375,19036.0,19015.44921875,19016.900390625,0.0,0.0,0.0
2023-11-01 08:30:00,19016.80078125,19027.80078125,19010.44921875,19015.099609375,0.0,0.0,0.0
2023-11-01 08:45:00,19014.75,19021.19921875,19005.55078125,19013.650390625,0.0,0.0,0.0
2023-11-01 09:00:00,19013.400390625,19018.099609375,18999.099609375,19004.69921875,0.0,0.0,0.0
2023-11-01 09:15:00,19003.849609375,19024.25,19001.349609375,19009.55078125,0.0,0.0,0.0
2023-11-01 09:30:00,19011.5,19012.44921875,18988.5,18990.599609375,0.0,0.0,0.0
2023-11-01 09:45:00,18990.400390625,18994.69921875,18974.19921875,18990.400390625,0.0,0.0,0.0
2023-11-02 03:45:00,19120.0,19168.55078125,19113.44921875,19158.099609375,0.0,0.0,0.0
2023-11-02 04:00:00,19159.849609375,19174.94921875,19152.0,19165.05078125,0.0,0.0,0.0
2023-11-02 04:15:00,19163.19921875,19164.150390625,19134.0,19138.55078125,0.0,0.0,0.0
2023-11-02 04:30:00,19139.55078125,19150.0,19119.099609375,19124.599609375,0.0,0.0,0.0
2023-11-02 04:45:00,19124.900390625,19133.69921875,19114.400390625,19123.099609375,0.0,0.0,0.0
2023-11-02 05:00:00,19123.44921875,19132.69921875,19115.69921875,19121.900390625,0.0,0.0,0.0
2023-11-02 05:15:00,19122.94921875,19126.400390625,19109.349609375,19114.44921875,0.0,0.0,0.0
2023-11-02 05:30:00,19114.150390625,19129.900390625,19106.900390625,19127.849609375,0.0,0.0,0.0
2023-11-02 05:45:00,19128.05078125,19130.0,19111.150390625,19115.05078125,0.0,0.0,0.0
2023-11-02 06:00:00,19115.55078125,19119.099609375,19084.30078125,19091.05078125,0.0,0.0,0.0
2023-11-02 06:15:00,19087.94921875,19094.099609375,19071.75,19076.5,0.0,0.0,0.0
2023-11-02 06:30:00,19076.69921875,19090.80078125,19065.849609375,19079.19921875,0.0,0.0,0.0
2023-11-02 06:45:00,19079.19921875,19097.400390625,19076.94921875,19094.349609375,0.0,0.0,0.0
2023-11-02 07:00:00,19094.599609375,19110.75,19079.69921875,19098.400390625,0.0,0.0,0.0
2023-11-02 07:15:00,19098.150390625,19107.150390625,19094.44921875,19101.400390625,0.0,0.0,0.0
2023-11-02 07:30:00,19103.400390625,19112.75,19101.94921875,19112.75,0.0,0.0,0.0
2023-11-02 07:45:00,19112.650390625,19117.25,19094.849609375,19098.400390625,0.0,0.0,0.0
2023-11-02 08:00:00,19098.94921875,19115.75,19091.69921875,19112.400390625,0.0,0.0,0.0
2023-11-02 08:15:00,19111.849609375,19134.599609375,19107.80078125,19132.19921875,0.0,0.0,0.0
2023-11-02 08:30:00,19131.0,19136.05078125,19118.349609375,19125.80078125,0.0,0.0,0.0
2023-11-02 08:45:00,19125.94921875,19140.69921875,19113.30078125,19113.80078125,0.0,0.0,0.0
2023-11-02 09:00:00,19116.849609375,19119.849609375,19109.900390625,19111.599609375,0.0,0.0,0.0
2023-11-02 09:15:00,19111.650390625,19138.650390625,19106.94921875,19132.55078125,0.0,0.0,0.0
2023-11-02 09:30:00,19134.75,19141.849609375,19116.599609375,19120.44921875,0.0,0.0,0.0
2023-11-02 09:45:00,19121.19921875,19147.75,19119.69921875,19144.849609375,0.0,0.0,0.0
2023-11-03 03:45:00,19241.0,19257.75,19235.099609375,19248.55078125,0.0,0.0,0.0
2023-11-03 04:00:00,19248.599609375,19264.900390625,19244.55078125,19250.19921875,0.0,0.0,0.0
2023-11-03 04:15:00,19249.650390625,19254.80078125,19230.94921875,19250.94921875,0.0,0.0,0.0
2023-11-03 04:30:00,19250.75,19270.69921875,19247.150390625,19264.900390625,0.0,0.0,0.0
2023-11-03 04:45:00,19264.849609375,19270.900390625,19254.150390625,19259.099609375,0.0,0.0,0.0
2023-11-03 05:00:00,19259.55078125,19261.25,19251.5,19255.400390625,0.0,0.0,0.0
2023-11-03 05:15:00,19253.44921875,19273.400390625,19250.94921875,19270.44921875,0.0,0.0,0.0
2023-11-03 05:30:00,19269.69921875,19275.80078125,19266.400390625,19268.5,0.0,0.0,0.0
2023-11-03 05:45:00,19268.69921875,19274.05078125,19252.94921875,19253.94921875,0.0,0.0,0.0
2023-11-03 06:00:00,19252.349609375,19262.400390625,19248.349609375,19250.900390625,0.0,0.0,0.0
2023-11-03 06:15:00,19250.44921875,19260.349609375,19240.25,19240.900390625,0.0,0.0,0.0
2023-11-03 06:30:00,19241.30078125,19248.69921875,19235.94921875,19245.650390625,0.0,0.0,0.0
2023-11-03 06:45:00,19245.30078125,19251.69921875,19243.75,19247.55078125,0.0,0.0,0.0
2023-11-03 07:00:00,19246.900390625,19257.94921875,19238.30078125,19252.0,0.0,0.0,0.0
2023-11-03 07:15:00,19251.150390625,19257.099609375,19242.900390625,19252.94921875,0.0,0.0,0.0
2023-11-03 07:30:00,19253.55078125,19262.900390625,19251.30078125,19253.900390625,0.0,0.0,0.0
2023-11-03 07:45:00,19254.0,19267.599609375,19249.75,19259.150390625,0.0,0.0,0.0
2023-11-03 08:00:00,19259.05078125,19266.25,19252.0,19258.69921875,0.0,0.0,0.0
2023-11-03 08:15:00,19258.400390625,19261.19921875,19250.19921875,19251.55078125,0.0,0.0,0.0
2023-11-03 08:30:00,19251.44921875,19261.05078125,19249.150390625,19254.94921875,0.0,0.0,0.0
2023-11-03 08:45:00,19254.0,19269.0,19245.69921875,19267.75,0.0,0.0,0.0
2023-11-03 09:00:00,19267.05078125,19267.44921875,19233.900390625,19238.30078125,0.0,0.0,0.0
2023-11-03 09:15:00,19237.05078125,19242.69921875,19211.400390625,19241.05078125,0.0,0.0,0.0
2023-11-03 09:30:00,19241.900390625,19249.94921875,19221.349609375,19227.849609375,0.0,0.0,0.0
2023-11-03 09:45:00,19228.349609375,19231.05078125,19220.19921875,19226.849609375,0.0,0.0,0.0
2023-11-06 03:45:00,19345.849609375,19356.400390625,19313.150390625,19341.19921875,0.0,0.0,0.0
2023-11-06 04:00:00,19341.650390625,19347.55078125,19334.44921875,19339.5,0.0,0.0,0.0
2023-11-06 04:15:00,19339.599609375,19349.05078125,19324.400390625,19347.650390625,0.0,0.0,0.0
2023-11-06 04:30:00,19347.80078125,19355.599609375,19344.05078125,19354.849609375,0.0,0.0,0.0
2023-11-06 04:45:00,19355.400390625,19370.75,19355.25,19363.349609375,0.0,0.0,0.0
2023-11-06 05:00:00,19363.05078125,19364.69921875,19343.19921875,19346.55078125,0.0,0.0,0.0
2023-11-06 05:15:00,19346.400390625,19347.44921875,19328.55078125,19341.849609375,0.0,0.0,0.0
2023-11-06 05:30:00,19342.099609375,19346.349609375,19310.75,19332.05078125,0.0,0.0,0.0
2023-11-06 05:45:00,19332.30078125,19340.0,19327.80078125,19339.69921875,0.0,0.0,0.0
2023-11-06 06:00:00,19340.0,19344.150390625,19335.75,19342.55078125,0.0,0.0,0.0
2023-11-06 06:15:00,19342.650390625,19349.0,19339.599609375,19340.80078125,0.0,0.0,0.0
2023-11-06 06:30:00,19340.25,19352.69921875,19339.5,19346.900390625,0.0,0.0,0.0
2023-11-06 06:45:00,19346.599609375,19350.349609375,19339.94921875,19344.849609375,0.0,0.0,0.0
2023-11-06 07:00:00,19344.0,19357.69921875,19342.55078125,19355.05078125,0.0,0.0,0.0
2023-11-06 07:15:00,19354.30078125,19360.150390625,19347.900390625,19353.30078125,0.0,0.0,0.0
2023-11-06 07:30:00,19352.25,19358.349609375,19343.44921875,19355.80078125,0.0,0.0,0.0
2023-11-06 07:45:00,19354.94921875,19359.55078125,19349.849609375,19356.05078125,0.0,0.0,0.0
2023-11-06 08:00:00,19355.80078125,19362.94921875,19355.05078125,19362.94921875,0.0,0.0,0.0
2023-11-06 08:15:00,19362.25,19364.900390625,19355.0,19358.44921875,0.0,0.0,0.0
2023-11-06 08:30:00,19358.19921875,19374.099609375,19352.849609375,19374.0,0.0,0.0,0.0
2023-11-06 08:45:00,19373.69921875,19385.150390625,19370.849609375,19376.650390625,0.0,0.0,0.0
2023-11-06 09:00:00,19376.150390625,19386.150390625,19374.400390625,19380.099609375,0.0,0.0,0.0
2023-11-06 09:15:00,19379.19921875,19385.099609375,19369.599609375,19385.099609375,0.0,0.0,0.0
2023-11-06 09:30:00,19385.599609375,19416.650390625,19385.599609375,19416.5,0.0,0.0,0.0
2023-11-06 09:45:00,19416.849609375,19421.55078125,19406.75,19411.849609375,0.0,0.0,0.0
2023-11-07 03:45:00,19404.05078125,19407.150390625,19349.44921875,19370.25,0.0,0.0,0.0
2023-11-07 04:00:00,19370.69921875,19374.94921875,19358.349609375,19366.5,0.0,0.0,0.0
2023-11-07 04:15:00,19367.25,19374.650390625,19353.5,19358.05078125,0.0,0.0,0.0
2023-11-07 04:30:00,19358.19921875,19366.30078125,19347.80078125,19366.19921875,0.0,0.0,0.0
2023-11-07 04:45:00,19366.650390625,19378.400390625,19361.650390625,19370.650390625,0.0,0.0,0.0
2023-11-07 05:00:00,19371.44921875,19393.05078125,19369.69921875,19393.05078125,0.0,0.0,0.0
2023-11-07 05:15:00,19392.650390625,19396.400390625,19379.900390625,19381.05078125,0.0,0.0,0.0
2023-11-07 05:30:00,19380.099609375,19396.94921875,19380.099609375,19392.849609375,0.0,0.0,0.0
2023-11-07 05:45:00,19392.849609375,19398.0,19387.0,19389.849609375,0.0,0.0,0.0
2023-11-07 06:00:00,19390.25,19396.30078125,19353.900390625,19354.69921875,0.0,0.0,0.0
2023-11-07 06:15:00,19353.69921875,19355.55078125,19329.75,19344.900390625,0.0,0.0,0.0
2023-11-07 06:30:00,19345.94921875,19353.650390625,19335.05078125,19352.44921875,0.0,0.0,0.0
2023-11-07 06:45:00,19352.650390625,19362.900390625,19349.80078125,19353.400390625,0.0,0.0,0.0
2023-11-07 07:00:00,19353.94921875,19368.599609375,19348.5,19363.44921875,0.0,0.0,0.0
2023-11-07 07:15:00,19363.75,19373.0,19359.80078125,19366.849609375,0.0,0.0,0.0
2023-11-07 07:30:00,19366.25,19372.5,19359.400390625,19366.80078125,0.0,0.0,0.0
2023-11-07 07:45:00,19367.400390625,19367.80078125,19353.650390625,19355.5,0.0,0.0,0.0
2023-11-07 08:00:00,19355.0,19376.349609375,19353.44921875,19372.94921875,0.0,0.0,0.0
2023-11-07 08:15:00,19373.25,19402.94921875,19366.349609375,19393.80078125,0.0,0.0,0.0
2023-11-07 08:30:00,19393.849609375,19410.099609375,19392.099609375,19401.150390625,0.0,0.0,0.0
2023-11-07 08:45:00,19400.900390625,19406.900390625,19384.150390625,19388.44921875,0.0,0.0,0.0
2023-11-07 09:00:00,19388.44921875,19398.349609375,19379.150390625,19382.94921875,0.0,0.0,0.0
2023-11-07 09:15:00,19383.849609375,19403.30078125,19380.75,19399.05078125,0.0,0.0,0.0
2023-11-07 09:30:00,19400.05078125,19411.30078125,19393.75,19398.05078125,0.0,0.0,0.0
2023-11-07 09:45:00,19398.150390625,19422.55078125,19395.19921875,19417.19921875,0.0,0.0,0.0
2023-11-08 03:45:00,19449.599609375,19453.599609375,19403.849609375,19434.599609375,0.0,0.0,0.0
2023-11-08 04:00:00,19434.25,19440.400390625,19412.30078125,19425.349609375,0.0,0.0,0.0
2023-11-08 04:15:00,19425.94921875,19449.349609375,19419.349609375,19444.0,0.0,0.0,0.0
2023-11-08 04:30:00,19443.900390625,19453.25,19427.19921875,19427.19921875,0.0,0.0,0.0
2023-11-08 04:45:00,19427.849609375,19446.5,19421.94921875,19424.849609375,0.0,0.0,0.0
2023-11-08 05:00:00,19424.0,19438.099609375,19416.55078125,19433.349609375,0.0,0.0,0.0
2023-11-08 05:15:00,19433.69921875,19438.349609375,19423.099609375,19428.650390625,0.0,0.0,0.0
2023-11-08 05:30:00,19428.19921875,19429.69921875,19401.650390625,19408.19921875,0.0,0.0,0.0
2023-11-08 05:45:00,19407.94921875,19432.400390625,19404.650390625,19432.400390625,0.0,0.0,0.0
2023-11-08 06:00:00,19432.150390625,19440.44921875,19425.599609375,19438.44921875,0.0,0.0,0.0
2023-11-08 06:15:00,19438.650390625,19441.400390625,19426.80078125,19431.5,0.0,0.0,0.0
2023-11-08 06:30:00,19431.30078125,19439.94921875,19430.55078125,19439.599609375,0.0,0.0,0.0
2023-11-08 06:45:00,19438.75,19441.19921875,19426.25,19434.80078125,0.0,0.0,0.0
2023-11-08 07:00:00,19435.30078125,19439.900390625,19424.650390625,19430.69921875,0.0,0.0,0.0
2023-11-08 07:15:00,19430.80078125,19438.599609375,19421.099609375,19437.5,0.0,0.0,0.0
2023-11-08 07:30:00,19437.400390625,19448.150390625,19434.19921875,19448.05078125,0.0,0.0,0.0
2023-11-08 07:45:00,19447.69921875,19463.19921875,19443.25,19452.75,0.0,0.0,0.0
2023-11-08 08:00:00,19453.19921875,19461.650390625,19448.150390625,19454.349609375,0.0,0.0,0.0
2023-11-08 08:15:00,19454.69921875,19461.599609375,19450.349609375,19461.599609375,0.0,0.0,0.0
2023-11-08 08:30:00,19461.349609375,19464.30078125,19440.650390625,19441.400390625,0.0,0.0,0.0
2023-11-08 08:45:00,19441.0,19448.30078125,19428.150390625,19430.75,0.0,0.0,0.0
2023-11-08 09:00:00,19430.94921875,19433.150390625,19414.69921875,19424.400390625,0.0,0.0,0.0
2023-11-08 09:15:00,19425.25,19434.599609375,19421.0,19433.349609375,0.0,0.0,0.0
2023-11-08 09:30:00,19430.05078125,19450.150390625,19430.05078125,19449.30078125,0.0,0.0,0.0
2023-11-08 09:45:00,19449.650390625,19450.650390625,19430.25,19436.44921875,0.0,0.0,0.0
2023-11-09 03:45:00,19457.400390625,19457.400390625,19409.849609375,19440.849609375,0.0,0.0,0.0
2023-11-09 04:00:00,19441.05078125,19444.849609375,19417.44921875,19427.44921875,0.0,0.0,0.0
2023-11-09 04:15:00,19427.80078125,19442.849609375,19403.650390625,19437.5,0.0,0.0,0.0
2023-11-09 04:30:00,19437.900390625,19452.19921875,19436.30078125,19447.650390625,0.0,0.0,0.0
2023-11-09 04:45:00,19447.30078125,19451.69921875,19416.650390625,19425.05078125,0.0,0.0,0.0
2023-11-09 05:00:00,19425.19921875,19431.849609375,19413.69921875,19423.849609375,0.0,0.0,0.0
2023-11-09 05:15:00,19424.5,19431.69921875,19418.44921875,19429.19921875,0.0,0.0,0.0
2023-11-09 05:30:00,19429.19921875,19438.75,19425.849609375,19431.69921875,0.0,0.0,0.0
2023-11-09 05:45:00,19433.599609375,19453.650390625,19427.25,19452.599609375,0.0,0.0,0.0
2023-11-09 06:00:00,19452.150390625,19454.900390625,19444.80078125,19451.400390625,0.0,0.0,0.0
2023-11-09 06:15:00,19451.75,19459.75,19433.150390625,19454.900390625,0.0,0.0,0.0
2023-11-09 06:30:00,19454.150390625,19458.19921875,19438.19921875,19445.349609375,0.0,0.0,0.0
2023-11-09 06:45:00,19445.55078125,19453.5,19434.650390625,19437.30078125,0.0,0.0,0.0
2023-11-09 07:00:00,19438.05078125,19450.55078125,19436.55078125,19438.349609375,0.0,0.0,0.0
2023-11-09 07:15:00,19437.849609375,19443.650390625,19431.349609375,19435.94921875,0.0,0.0,0.0
2023-11-09 07:30:00,19435.94921875,19441.80078125,19422.94921875,19431.69921875,0.0,0.0,0.0
2023-11-09 07:45:00,19432.650390625,19439.650390625,19427.80078125,19433.55078125,0.0,0.0,0.0
2023-11-09 08:00:00,19434.150390625,19437.80078125,19414.44921875,19420.69921875,0.0,0.0,0.0
2023-11-09 08:15:00,19420.94921875,19422.75,19414.599609375,19418.05078125,0.0,0.0,0.0
2023-11-09 08:30:00,19417.05078125,19431.400390625,19406.25,19421.599609375,0.0,0.0,0.0
2023-11-09 08:45:00,19421.900390625,19423.5,19394.30078125,19401.94921875,0.0,0.0,0.0
2023-11-09 09:00:00,19401.5,19406.05078125,19390.0,19395.849609375,0.0,0.0,0.0
2023-11-09 09:15:00,19395.30078125,19407.05078125,19383.599609375,19397.5,0.0,0.0,0.0
2023-11-09 09:30:00,19393.80078125,19400.44921875,19381.400390625,19393.099609375,0.0,0.0,0.0
2023-11-09 09:45:00,19392.55078125,19406.5,19389.75,19404.0,0.0,0.0,0.0
2023-11-10 03:45:00,19351.849609375,19361.55078125,19331.25,19352.94921875,0.0,0.0,0.0
2023-11-10 04:00:00,19353.80078125,19354.849609375,19334.69921875,19352.0,0.0,0.0,0.0
2023-11-10 04:15:00,19352.900390625,19355.44921875,19335.900390625,19337.19921875,0.0,0.0,0.0
2023-11-10 04:30:00,19336.349609375,19351.150390625,19333.900390625,19349.099609375,0.0,0.0,0.0
2023-11-10 04:45:00,19348.900390625,19361.55078125,19348.900390625,19356.400390625,0.0,0.0,0.0
2023-11-10 05:00:00,19356.94921875,19380.80078125,19354.400390625,19372.400390625,0.0,0.0,0.0
2023-11-10 05:15:00,19371.849609375,19384.75,19367.94921875,19369.05078125,0.0,0.0,0.0
2023-11-10 05:30:00,19369.599609375,19370.25,19353.900390625,19359.94921875,0.0,0.0,0.0
2023-11-10 05:45:00,19359.849609375,19374.599609375,19356.80078125,19373.94921875,0.0,0.0,0.0
2023-11-10 06:00:00,19373.05078125,19379.849609375,19360.69921875,19377.650390625,0.0,0.0,0.0
2023-11-10 06:15:00,19375.05078125,19377.599609375,19371.099609375,19373.150390625,0.0,0.0,0.0
2023-11-10 06:30:00,19373.44921875,19390.25,19372.69921875,19385.05078125,0.0,0.0,0.0
2023-11-10 06:45:00,19386.0,19387.349609375,19376.099609375,19378.900390625,0.0,0.0,0.0
2023-11-10 07:00:00,19378.099609375,19396.69921875,19378.099609375,19396.69921875,0.0,0.0,0.0
2023-11-10 07:15:00,19396.44921875,19409.80078125,19394.599609375,19398.25,0.0,0.0,0.0
2023-11-10 07:30:00,19398.150390625,19407.55078125,19390.80078125,19391.5,0.0,0.0,0.0
2023-11-10 07:45:00,19390.599609375,19408.80078125,19390.599609375,19398.30078125,0.0,0.0,0.0
2023-11-10 08:00:00,19398.69921875,19413.44921875,19397.849609375,19408.94921875,0.0,0.0,0.0
2023-11-10 08:15:00,19408.599609375,19410.349609375,19385.25,19391.44921875,0.0,0.0,0.0
2023-11-10 08:30:00,19391.05078125,19396.55078125,19386.349609375,19391.75,0.0,0.0,0.0
2023-11-10 08:45:00,19391.5,19393.30078125,19367.05078125,19374.80078125,0.0,0.0,0.0
2023-11-10 09:00:00,19375.19921875,19388.0,19363.30078125,19378.05078125,0.0,0.0,0.0
2023-11-10 09:15:00,19377.19921875,19399.75,19375.44921875,19399.05078125,0.0,0.0,0.0
2023-11-10 09:30:00,19397.25,19425.400390625,19397.25,19425.400390625,0.0,0.0,0.0
2023-11-10 09:45:00,19425.44921875,19450.80078125,19421.19921875,19443.44921875,0.0,0.0,0.0
2023-11-13 03:45:00,19486.75,19489.599609375,19443.44921875,19448.650390625,0.0,0.0,0.0
2023-11-13 04:00:00,19448.900390625,19456.349609375,19441.80078125,19444.849609375,0.0,0.0,0.0
2023-11-13 04:15:00,19444.599609375,19465.849609375,19444.099609375,19463.099609375,0.0,0.0,0.0
2023-11-13 04:30:00,19462.69921875,19479.150390625,19462.69921875,19469.44921875,0.0,0.0,0.0
2023-11-13 04:45:00,19469.69921875,19476.55078125,19422.55078125,19427.44921875,0.0,0.0,0.0
2023-11-13 05:00:00,19427.400390625,19428.400390625,19415.150390625,19423.75,0.0,0.0,0.0
2023-11-13 05:15:00,19423.80078125,19431.900390625,19419.75,19427.44921875,0.0,0.0,0.0
2023-11-13 05:30:00,19427.400390625,19430.099609375,19419.19921875,19421.69921875,0.0,0.0,0.0
2023-11-13 05:45:00,19421.69921875,19442.400390625,19420.0,19439.75,0.0,0.0,0.0
2023-11-13 06:00:00,19439.5,19454.25,19439.5,19446.44921875,0.0,0.0,0.0
2023-11-13 06:15:00,19447.05078125,19447.05078125,19433.25,19437.94921875,0.0,0.0,0.0
2023-11-13 06:30:00,19438.69921875,19440.25,19431.150390625,19437.55078125,0.0,0.0,0.0
2023-11-13 06:45:00,19437.5,19446.400390625,19430.55078125,19443.94921875,0.0,0.0,0.0
2023-11-13 07:00:00,19443.80078125,19450.150390625,19437.150390625,19443.099609375,0.0,0.0,0.0
2023-11-13 07:15:00,19445.5,19448.900390625,19439.400390625,19442.349609375,0.0,0.0,0.0
2023-11-13 07:30:00,19442.55078125,19446.80078125,19438.30078125,19440.150390625,0.0,0.0,0.0
2023-11-13 07:45:00,19440.25,19449.94921875,19435.849609375,19448.150390625,0.0,0.0,0.0
2023-11-13 08:00:00,19448.099609375,19454.599609375,19442.69921875,19444.05078125,0.0,0.0,0.0
2023-11-13 08:15:00,19444.19921875,19449.349609375,19437.349609375,19446.400390625,0.0,0.0,0.0
2023-11-13 08:30:00,19446.69921875,19459.80078125,19445.25,19455.349609375,0.0,0.0,0.0
2023-11-13 08:45:00,19455.099609375,19457.69921875,19448.44921875,19454.25,0.0,0.0,0.0
2023-11-13 09:00:00,19453.599609375,19460.05078125,19446.75,19450.94921875,0.0,0.0,0.0
2023-11-13 09:15:00,19449.05078125,19454.19921875,19445.099609375,19448.349609375,0.0,0.0,0.0
2023-11-13 09:30:00,19449.94921875,19455.05078125,19437.099609375,19441.400390625,0.0,0.0,0.0
2023-11-13 09:45:00,19441.650390625,19446.5,19436.5,19440.150390625,0.0,0.0,0.0
2023-11-15 03:45:00,19651.400390625,19651.400390625,19580.44921875,19628.650390625,0.0,0.0,0.0
2023-11-15 04:00:00,19628.5,19639.94921875,19621.30078125,19623.80078125,0.0,0.0,0.0
2023-11-15 04:15:00,19624.44921875,19635.099609375,19622.349609375,19633.30078125,0.0,0.0,0.0
2023-11-15 04:30:00,19633.05078125,19641.69921875,19630.0,19630.5,0.0,0.0,0.0
2023-11-15 04:45:00,19629.55078125,19637.0,19627.30078125,19628.75,0.0,0.0,0.0
2023-11-15 05:00:00,19628.69921875,19640.19921875,19627.400390625,19631.650390625,0.0,0.0,0.0
2023-11-15 05:15:00,19631.349609375,19633.0,19615.75,19620.55078125,0.0,0.0,0.0
2023-11-15 05:30:00,19620.80078125,19632.150390625,19620.80078125,19623.69921875,0.0,0.0,0.0
2023-11-15 05:45:00,19624.19921875,19627.099609375,19618.099609375,19618.44921875,0.0,0.0,0.0
2023-11-15 06:00:00,19617.30078125,19624.349609375,19615.400390625,19617.400390625,0.0,0.0,0.0
2023-11-15 06:15:00,19617.599609375,19628.150390625,19614.349609375,19622.900390625,0.0,0.0,0.0
2023-11-15 06:30:00,19623.099609375,19632.19921875,19621.349609375,19631.650390625,0.0,0.0,0.0
2023-11-15 06:45:00,19631.75,19639.55078125,19628.94921875,19637.80078125,0.0,0.0,0.0
2023-11-15 07:00:00,19637.44921875,19641.19921875,19628.94921875,19636.05078125,0.0,0.0,0.0
2023-11-15 07:15:00,19635.94921875,19638.150390625,19631.650390625,19635.349609375,0.0,0.0,0.0
2023-11-15 07:30:00,19634.80078125,19654.44921875,19634.099609375,19652.69921875,0.0,0.0,0.0
2023-11-15 07:45:00,19653.05078125,19673.30078125,19651.30078125,19671.19921875,0.0,0.0,0.0
2023-11-15 08:00:00,19671.69921875,19671.849609375,19659.599609375,19661.900390625,0.0,0.0,0.0
2023-11-15 08:15:00,19662.099609375,19663.650390625,19656.5,19657.25,0.0,0.0,0.0
2023-11-15 08:30:00,19657.400390625,19667.849609375,19650.900390625,19659.0,0.0,0.0,0.0
2023-11-15 08:45:00,19658.75,19664.44921875,19654.75,19658.69921875,0.0,0.0,0.0
2023-11-15 09:00:00,19659.44921875,19677.349609375,19657.44921875,19668.900390625,0.0,0.0,0.0
2023-11-15 09:15:00,19668.400390625,19670.599609375,19645.150390625,19646.25,0.0,0.0,0.0
2023-11-15 09:30:00,19643.69921875,19677.400390625,19643.69921875,19677.400390625,0.0,0.0,0.0
2023-11-15 09:45:00,19676.94921875,19691.19921875,19671.599609375,19676.80078125,0.0,0.0,0.0
2023-11-16 03:45:00,19674.69921875,19674.69921875,19627.599609375,19642.25,0.0,0.0,0.0
2023-11-16 04:00:00,19642.30078125,19699.30078125,19638.25,19696.599609375,0.0,0.0,0.0
2023-11-16 04:15:00,19697.69921875,19709.75,19690.30078125,19694.30078125,0.0,0.0,0.0
2023-11-16 04:30:00,19694.849609375,19720.05078125,19685.25,19713.75,0.0,0.0,0.0
2023-11-16 04:45:00,19715.55078125,19728.150390625,19707.75,19710.099609375,0.0,0.0,0.0
2023-11-16 05:00:00,19710.44921875,19720.900390625,19705.75,19718.05078125,0.0,0.0,0.0
2023-11-16 05:15:00,19718.400390625,19719.94921875,19711.0,19713.650390625,0.0,0.0,0.0
2023-11-16 05:30:00,19713.94921875,19795.55078125,19711.80078125,19795.5,0.0,0.0,0.0
2023-11-16 05:45:00,19795.05078125,19798.80078125,19782.44921875,19786.69921875,0.0,0.0,0.0
2023-11-16 06:00:00,19787.30078125,19802.19921875,19782.05078125,19788.19921875,0.0,0.0,0.0
2023-11-16 06:15:00,19787.900390625,19808.099609375,19782.650390625,19798.75,0.0,0.0,0.0
2023-11-16 06:30:00,19798.349609375,19803.099609375,19791.55078125,19800.94921875,0.0,0.0,0.0
2023-11-16 06:45:00,19800.349609375,19809.80078125,19796.44921875,19804.849609375,0.0,0.0,0.0
2023-11-16 07:00:00,19804.19921875,19810.44921875,19787.25,19810.19921875,0.0,0.0,0.0
2023-11-16 07:15:00,19810.900390625,19812.599609375,19800.599609375,19809.400390625,0.0,0.0,0.0
2023-11-16 07:30:00,19808.849609375,19811.599609375,19800.30078125,19805.400390625,0.0,0.0,0.0
2023-11-16 07:45:00,19803.25,19805.44921875,19794.94921875,19800.099609375,0.0,0.0,0.0
2023-11-16 08:00:00,19799.19921875,19806.94921875,19793.650390625,19806.650390625,0.0,0.0,0.0
2023-11-16 08:15:00,19807.30078125,19815.75,19799.25,19812.94921875,0.0,0.0,0.0
2023-11-16 08:30:00,19812.400390625,19820.05078125,19810.599609375,19817.599609375,0.0,0.0,0.0
2023-11-16 08:45:00,19818.69921875,19846.55078125,19816.099609375,19846.55078125,0.0,0.0,0.0
2023-11-16 09:00:00,19844.25,19861.69921875,19837.80078125,19858.80078125,0.0,0.0,0.0
2023-11-16 09:15:00,19857.94921875,19874.75,19843.099609375,19845.650390625,0.0,0.0,0.0
2023-11-16 09:30:00,19845.650390625,19847.0,19722.80078125,19730.650390625,0.0,0.0,0.0
2023-11-16 09:45:00,19730.05078125,19767.900390625,19725.25,19761.150390625,0.0,0.0,0.0
2023-11-17 03:45:00,19674.75,19768.849609375,19669.599609375,19761.849609375,0.0,0.0,0.0
2023-11-17 04:00:00,19762.55078125,19779.400390625,19752.650390625,19779.25,0.0,0.0,0.0
2023-11-17 04:15:00,19779.900390625,19793.599609375,19770.0,19793.05078125,0.0,0.0,0.0
2023-11-17 04:30:00,19793.400390625,19805.75,19778.69921875,19778.69921875,0.0,0.0,0.0
2023-11-17 04:45:00,19777.25,19788.599609375,19748.5,19784.099609375,0.0,0.0,0.0
2023-11-17 05:00:00,19784.400390625,19801.599609375,19781.05078125,19799.55078125,0.0,0.0,0.0
2023-11-17 05:15:00,19799.400390625,19801.30078125,19785.80078125,19789.75,0.0,0.0,0.0
2023-11-17 05:30:00,19790.150390625,19796.599609375,19765.44921875,19765.849609375,0.0,0.0,0.0
2023-11-17 05:45:00,19766.05078125,19771.80078125,19754.75,19761.849609375,0.0,0.0,0.0
2023-11-17 06:00:00,19762.0,19778.599609375,19750.05078125,19775.80078125,0.0,0.0,0.0
2023-11-17 06:15:00,19776.099609375,19776.25,19755.05078125,19761.349609375,0.0,0.0,0.0
2023-11-17 06:30:00,19761.099609375,19773.0,19757.599609375,19761.599609375,0.0,0.0,0.0
2023-11-17 06:45:00,19761.599609375,19765.150390625,19743.150390625,19764.650390625,0.0,0.0,0.0
2023-11-17 07:00:00,19764.44921875,19773.900390625,19764.400390625,19771.25,0.0,0.0,0.0
2023-11-17 07:15:00,19771.599609375,19779.400390625,19756.80078125,19759.94921875,0.0,0.0,0.0
2023-11-17 07:30:00,19760.05078125,19775.0,19759.05078125,19763.650390625,0.0,0.0,0.0
2023-11-17 07:45:00,19763.650390625,19766.80078125,19748.44921875,19754.25,0.0,0.0,0.0
2023-11-17 08:00:00,19754.400390625,19762.900390625,19742.75,19755.19921875,0.0,0.0,0.0
2023-11-17 08:15:00,19755.55078125,19762.69921875,19727.55078125,19737.55078125,0.0,0.0,0.0
2023-11-17 08:30:00,19737.400390625,19771.099609375,19737.30078125,19756.80078125,0.0,0.0,0.0
2023-11-17 08:45:00,19756.69921875,19763.44921875,19747.599609375,19747.650390625,0.0,0.0,0.0
2023-11-17 09:00:00,19747.599609375,19750.400390625,19732.849609375,19749.25,0.0,0.0,0.0
2023-11-17 09:15:00,19749.44921875,19750.400390625,19726.55078125,19730.44921875,0.0,0.0,0.0
2023-11-17 09:30:00,19725.900390625,19747.150390625,19722.849609375,19740.94921875,0.0,0.0,0.0
2023-11-17 09:45:00,19740.5,19745.55078125,19715.349609375,19719.69921875,0.0,0.0,0.0
2023-11-20 03:45:00,19731.150390625,19752.150390625,19716.75,19732.0,0.0,0.0,0.0
2023-11-20 04:00:00,19732.0,19733.150390625,19707.75,19717.19921875,0.0,0.0,0.0
2023-11-20 04:15:00,19716.75,19723.099609375,19704.900390625,19714.0,0.0,0.0,0.0
2023-11-20 04:30:00,19714.650390625,19720.099609375,19701.599609375,19714.80078125,0.0,0.0,0.0
2023-11-20 04:45:00,19715.349609375,19752.25,19713.69921875,19752.25,0.0,0.0,0.0
2023-11-20 05:00:00,19753.30078125,19755.55078125,19734.25,19736.650390625,0.0,0.0,0.0
2023-11-20 05:15:00,19736.150390625,19747.30078125,19730.849609375,19743.099609375,0.0,0.0,0.0
2023-11-20 05:30:00,19743.599609375,19744.94921875,19677.80078125,19678.0,0.0,0.0,0.0
2023-11-20 05:45:00,19678.05078125,19691.80078125,19673.80078125,19687.599609375,0.0,0.0,0.0
2023-11-20 06:00:00,19687.849609375,19690.099609375,19673.25,19682.900390625,0.0,0.0,0.0
2023-11-20 06:15:00,19683.599609375,19685.849609375,19677.69921875,19678.75,0.0,0.0,0.0
2023-11-20 06:30:00,19678.44921875,19700.599609375,19671.19921875,19697.5,0.0,0.0,0.0
2023-11-20 06:45:00,19697.349609375,19701.25,19685.44921875,19690.900390625,0.0,0.0,0.0
2023-11-20 07:00:00,19691.69921875,19696.05078125,19683.0,19690.650390625,0.0,0.0,0.0
2023-11-20 07:15:00,19690.0,19700.099609375,19683.0,19685.05078125,0.0,0.0,0.0
2023-11-20 07:30:00,19684.099609375,19712.05078125,19683.69921875,19706.19921875,0.0,0.0,0.0
2023-11-20 07:45:00,19706.349609375,19712.900390625,19697.30078125,19709.44921875,0.0,0.0,0.0
2023-11-20 08:00:00,19708.599609375,19712.849609375,19697.150390625,19707.75,0.0,0.0,0.0
2023-11-20 08:15:00,19707.55078125,19711.849609375,19692.94921875,19697.599609375,0.0,0.0,0.0
2023-11-20 08:30:00,19693.599609375,19701.849609375,19683.19921875,19692.900390625,0.0,0.0,0.0
2023-11-20 08:45:00,19693.44921875,19710.75,19690.75,19709.150390625,0.0,0.0,0.0
2023-11-20 09:00:00,19709.849609375,19714.599609375,19696.599609375,19710.0,0.0,0.0,0.0
2023-11-20 09:15:00,19709.75,19719.0,19701.55078125,19702.849609375,0.0,0.0,0.0
2023-11-20 09:30:00,19702.900390625,19707.0,19687.650390625,19690.650390625,0.0,0.0,0.0
2023-11-20 09:45:00,19690.849609375,19703.099609375,19687.69921875,19693.650390625,0.0,0.0,0.0
2023-11-21 03:45:00,19766.5,19785.349609375,19754.599609375,19777.349609375,0.0,0.0,0.0
2023-11-21 04:00:00,19776.80078125,19789.650390625,19770.599609375,19788.349609375,0.0,0.0,0.0
2023-11-21 04:15:00,19788.75,19789.349609375,19766.650390625,19771.44921875,0.0,0.0,0.0
2023-11-21 04:30:00,19771.55078125,19775.80078125,19759.55078125,19766.94921875,0.0,0.0,0.0
2023-11-21 04:45:00,19767.400390625,19777.69921875,19764.349609375,19777.05078125,0.0,0.0,0.0
2023-11-21 05:00:00,19777.19921875,19783.849609375,19771.099609375,19777.349609375,0.0,0.0,0.0
2023-11-21 05:15:00,19777.75,19778.55078125,19766.94921875,19774.599609375,0.0,0.0,0.0
2023-11-21 05:30:00,19774.349609375,19780.55078125,19771.75,19777.0,0.0,0.0,0.0
2023-11-21 05:45:00,19777.150390625,19785.5,19773.75,19781.400390625,0.0,0.0,0.0
2023-11-21 06:00:00,19780.349609375,19789.30078125,19778.05078125,19781.150390625,0.0,0.0,0.0
2023-11-21 06:15:00,19781.44921875,19786.5,19777.150390625,19784.94921875,0.0,0.0,0.0
2023-11-21 06:30:00,19785.05078125,19798.05078125,19782.150390625,19797.75,0.0,0.0,0.0
2023-11-21 06:45:00,19798.05078125,19828.19921875,19792.900390625,19816.94921875,0.0,0.0,0.0
2023-11-21 07:00:00,19816.30078125,19820.900390625,19800.19921875,19802.94921875,0.0,0.0,0.0
2023-11-21 07:15:00,19802.69921875,19812.5,19802.25,19808.80078125,0.0,0.0,0.0
2023-11-21 07:30:00,19808.25,19811.5,19770.349609375,19775.849609375,0.0,0.0,0.0
2023-11-21 07:45:00,19775.55078125,19792.05078125,19772.349609375,19791.69921875,0.0,0.0,0.0
2023-11-21 08:00:00,19790.75,19811.849609375,19789.599609375,19801.099609375,0.0,0.0,0.0
2023-11-21 08:15:00,19800.5,19804.69921875,19793.849609375,19799.0,0.0,0.0,0.0
2023-11-21 08:30:00,19798.599609375,19803.0,19790.80078125,19794.80078125,0.0,0.0,0.0
2023-11-21 08:45:00,19795.05078125,19798.05078125,19784.349609375,19785.44921875,0.0,0.0,0.0
2023-11-21 09:00:00,19785.44921875,19793.599609375,19781.849609375,19789.05078125,0.0,0.0,0.0
2023-11-21 09:15:00,19788.75,19791.099609375,19780.599609375,19783.44921875,0.0,0.0,0.0
2023-11-21 09:30:00,19782.94921875,19790.25,19780.55078125,19783.650390625,0.0,0.0,0.0
2023-11-21 09:45:00,19782.25,19786.94921875,19775.099609375,19780.80078125,0.0,0.0,0.0
2023-11-22 03:45:00,19784.0,19808.05078125,19768.400390625,19789.19921875,0.0,0.0,0.0
2023-11-22 04:00:00,19790.849609375,19812.69921875,19789.94921875,19805.099609375,0.0,0.0,0.0
2023-11-22 04:15:00,19804.30078125,19822.099609375,19804.30078125,19809.0,0.0,0.0,0.0
2023-11-22 04:30:00,19808.94921875,19823.30078125,19806.099609375,19816.05078125,0.0,0.0,0.0
2023-11-22 04:45:00,19815.900390625,19825.349609375,19791.849609375,19806.69921875,0.0,0.0,0.0
2023-11-22 05:00:00,19806.55078125,19815.05078125,19797.44921875,19811.05078125,0.0,0.0,0.0
2023-11-22 05:15:00,19811.30078125,19816.94921875,19800.25,19800.69921875,0.0,0.0,0.0
2023-11-22 05:30:00,19800.0,19806.650390625,19795.150390625,19798.900390625,0.0,0.0,0.0
2023-11-22 05:45:00,19798.80078125,19807.849609375,19791.19921875,19793.599609375,0.0,0.0,0.0
2023-11-22 06:00:00,19793.599609375,19803.599609375,19789.900390625,19796.349609375,0.0,0.0,0.0
2023-11-22 06:15:00,19790.150390625,19791.150390625,19756.94921875,19769.5,0.0,0.0,0.0
2023-11-22 06:30:00,19769.25,19773.099609375,19755.599609375,19755.599609375,0.0,0.0,0.0
2023-11-22 06:45:00,19755.099609375,19766.599609375,19705.05078125,19714.30078125,0.0,0.0,0.0
2023-11-22 07:00:00,19713.5,19746.599609375,19713.5,19741.69921875,0.0,0.0,0.0
2023-11-22 07:15:00,19741.099609375,19746.599609375,19728.80078125,19737.349609375,0.0,0.0,0.0
2023-11-22 07:30:00,19737.30078125,19751.5,19723.80078125,19746.5,0.0,0.0,0.0
2023-11-22 07:45:00,19746.349609375,19759.650390625,19739.900390625,19749.099609375,0.0,0.0,0.0
2023-11-22 08:00:00,19750.099609375,19756.5,19742.5,19744.0,0.0,0.0,0.0
2023-11-22 08:15:00,19743.599609375,19752.75,19737.349609375,19741.44921875,0.0,0.0,0.0
2023-11-22 08:30:00,19739.599609375,19747.349609375,19733.0,19735.80078125,0.0,0.0,0.0
2023-11-22 08:45:00,19734.900390625,19781.349609375,19734.349609375,19777.650390625,0.0,0.0,0.0
2023-11-22 09:00:00,19777.55078125,19804.75,19777.55078125,19803.599609375,0.0,0.0,0.0
2023-11-22 09:15:00,19802.75,19815.44921875,19802.25,19807.69921875,0.0,0.0,0.0
2023-11-22 09:30:00,19807.5,19822.349609375,19807.5,19811.80078125,0.0,0.0,0.0
2023-11-22 09:45:00,19812.650390625,19818.69921875,19803.19921875,19810.599609375,0.0,0.0,0.0
2023-11-23 03:45:00,19828.44921875,19866.099609375,19828.44921875,19858.650390625,0.0,0.0,0.0
2023-11-23 04:00:00,19858.69921875,19874.55078125,19852.349609375,19867.849609375,0.0,0.0,0.0
2023-11-23 04:15:00,19867.19921875,19871.94921875,19825.69921875,19844.19921875,0.0,0.0,0.0
2023-11-23 04:30:00,19843.75,19851.349609375,19832.099609375,19836.55078125,0.0,0.0,0.0
2023-11-23 04:45:00,19836.099609375,19839.0,19812.849609375,19832.650390625,0.0,0.0,0.0
2023-11-23 05:00:00,19832.400390625,19834.099609375,19793.30078125,19803.05078125,0.0,0.0,0.0
2023-11-23 05:15:00,19803.0,19815.94921875,19801.650390625,19805.94921875,0.0,0.0,0.0
2023-11-23 05:30:00,19805.900390625,19822.099609375,19795.75,19809.0,0.0,0.0,0.0
2023-11-23 05:45:00,19809.25,19816.099609375,19804.94921875,19813.05078125,0.0,0.0,0.0
2023-11-23 06:00:00,19813.30078125,19817.599609375,19801.400390625,19801.400390625,0.0,0.0,0.0
2023-11-23 06:15:00,19801.349609375,19808.599609375,19792.19921875,19800.94921875,0.0,0.0,0.0
2023-11-23 06:30:00,19801.150390625,19810.849609375,19793.44921875,19802.94921875,0.0,0.0,0.0
2023-11-23 06:45:00,19804.5,19829.44921875,19801.25,19829.19921875,0.0,0.0,0.0
2023-11-23 07:00:00,19828.650390625,19830.80078125,19801.0,19808.75,0.0,0.0,0.0
2023-11-23 07:15:00,19809.25,19821.349609375,19802.69921875,19819.400390625,0.0,0.0,0.0
2023-11-23 07:30:00,19819.30078125,19822.0,19808.5,19810.150390625,0.0,0.0,0.0
2023-11-23 07:45:00,19810.80078125,19817.94921875,19807.400390625,19810.44921875,0.0,0.0,0.0
2023-11-23 08:00:00,19810.599609375,19816.30078125,19803.25,19809.80078125,0.0,0.0,0.0
2023-11-23 08:15:00,19810.44921875,19824.349609375,19808.099609375,19823.0,0.0,0.0,0.0
2023-11-23 08:30:00,19824.55078125,19824.650390625,19807.150390625,19808.19921875,0.0,0.0,0.0
2023-11-23 08:45:00,19808.599609375,19816.900390625,19804.599609375,19808.80078125,0.0,0.0,0.0
2023-11-23 09:00:00,19809.30078125,19811.94921875,19796.349609375,19800.099609375,0.0,0.0,0.0
2023-11-23 09:15:00,19800.650390625,19803.900390625,19787.650390625,19799.19921875,0.0,0.0,0.0
2023-11-23 09:30:00,19799.05078125,19807.69921875,19788.94921875,19799.400390625,0.0,0.0,0.0
2023-11-23 09:45:00,19800.650390625,19819.25,19798.849609375,19811.0,0.0,0.0,0.0
2023-11-24 03:45:00,19809.599609375,19832.0,19809.599609375,19830.599609375,0.0,0.0,0.0
2023-11-24 04:00:00,19830.400390625,19832.19921875,19810.900390625,19813.69921875,0.0,0.0,0.0
2023-11-24 04:15:00,19813.69921875,19816.05078125,19790.30078125,19795.099609375,0.0,0.0,0.0
2023-11-24 04:30:00,19794.650390625,19807.94921875,19787.849609375,19803.30078125,0.0,0.0,0.0
2023-11-24 04:45:00,19803.849609375,19805.650390625,19794.55078125,19795.400390625,0.0,0.0,0.0
2023-11-24 05:00:00,19794.94921875,19821.849609375,19792.599609375,19818.75,0.0,0.0,0.0
2023-11-24 05:15:00,19819.599609375,19820.19921875,19807.30078125,19811.25,0.0,0.0,0.0
2023-11-24 05:30:00,19810.80078125,19812.849609375,19803.900390625,19809.599609375,0.0,0.0,0.0
2023-11-24 05:45:00,19809.44921875,19817.0,19801.69921875,19813.25,0.0,0.0,0.0
2023-11-24 06:00:00,19813.30078125,19817.849609375,19810.400390625,19814.0,0.0,0.0,0.0
2023-11-24 06:15:00,19813.900390625,19817.349609375,19809.849609375,19815.0,0.0,0.0,0.0
2023-11-24 06:30:00,19813.900390625,19816.900390625,19796.94921875,19814.80078125,0.0,0.0,0.0
2023-11-24 06:45:00,19816.05078125,19818.849609375,19804.69921875,19805.75,0.0,0.0,0.0
2023-11-24 07:00:00,19806.599609375,19809.400390625,19798.05078125,19802.900390625,0.0,0.0,0.0
2023-11-24 07:15:00,19803.849609375,19806.69921875,19795.80078125,19802.05078125,0.0,0.0,0.0
2023-11-24 07:30:00,19803.19921875,19804.5,19769.150390625,19773.849609375,0.0,0.0,0.0
2023-11-24 07:45:00,19775.150390625,19786.349609375,19772.400390625,19785.150390625,0.0,0.0,0.0
2023-11-24 08:00:00,19786.25,19792.099609375,19773.0,19781.849609375,0.0,0.0,0.0
2023-11-24 08:15:00,19782.849609375,19795.55078125,19778.05078125,19791.94921875,0.0,0.0,0.0
2023-11-24 08:30:00,19792.150390625,19802.94921875,19786.19921875,19795.25,0.0,0.0,0.0
2023-11-24 08:45:00,19795.900390625,19806.19921875,19787.349609375,19800.650390625,0.0,0.0,0.0
2023-11-24 09:00:00,19801.44921875,19804.5,19786.94921875,19796.5,0.0,0.0,0.0
2023-11-24 09:15:00,19797.900390625,19801.650390625,19787.80078125,19794.75,0.0,0.0,0.0
2023-11-24 09:30:00,19796.44921875,19797.69921875,19784.900390625,19792.30078125,0.0,0.0,0.0
2023-11-24 09:45:00,19792.900390625,19803.650390625,19786.25,19788.69921875,0.0,0.0,0.0
2023-11-28 03:45:00,19844.650390625,19844.650390625,19807.69921875,19825.400390625,0.0,0.0,0.0
2023-11-28 04:00:00,19825.349609375,19829.900390625,19815.05078125,19824.099609375,0.0,0.0,0.0
2023-11-28 04:15:00,19824.099609375,19832.80078125,19816.150390625,19820.94921875,0.0,0.0,0.0
2023-11-28 04:30:00,19820.650390625,19827.900390625,19807.349609375,19811.150390625,0.0,0.0,0.0
2023-11-28 04:45:00,19810.849609375,19815.5,19800.44921875,19815.349609375,0.0,0.0,0.0
2023-11-28 05:00:00,19815.75,19826.94921875,19813.94921875,19817.150390625,0.0,0.0,0.0
2023-11-28 05:15:00,19816.900390625,19826.75,19815.900390625,19819.0,0.0,0.0,0.0
2023-11-28 05:30:00,19819.30078125,19825.900390625,19815.900390625,19822.0,0.0,0.0,0.0
2023-11-28 05:45:00,19822.150390625,19826.099609375,19814.69921875,19816.44921875,0.0,0.0,0.0
2023-11-28 06:00:00,19815.80078125,19825.75,19810.650390625,19821.25,0.0,0.0,0.0
2023-11-28 06:15:00,19820.94921875,19829.94921875,19820.94921875,19829.69921875,0.0,0.0,0.0
2023-11-28 06:30:00,19829.0,19839.69921875,19824.400390625,19834.900390625,0.0,0.0,0.0
2023-11-28 06:45:00,19834.25,19836.69921875,19825.900390625,19834.099609375,0.0,0.0,0.0
2023-11-28 07:00:00,19834.19921875,19838.5,19831.099609375,19835.30078125,0.0,0.0,0.0
2023-11-28 07:15:00,19835.599609375,19838.55078125,19826.19921875,19828.30078125,0.0,0.0,0.0
2023-11-28 07:30:00,19828.599609375,19830.599609375,19822.19921875,19826.349609375,0.0,0.0,0.0
2023-11-28 07:45:00,19826.650390625,19828.650390625,19821.5,19823.25,0.0,0.0,0.0
2023-11-28 08:00:00,19823.55078125,19827.55078125,19820.55078125,19825.650390625,0.0,0.0,0.0
2023-11-28 08:15:00,19825.900390625,19831.5,19816.0,19818.19921875,0.0,0.0,0.0
2023-11-28 08:30:00,19818.44921875,19825.849609375,19816.849609375,19823.099609375,0.0,0.0,0.0
2023-11-28 08:45:00,19823.5,19870.400390625,19822.400390625,19870.400390625,0.0,0.0,0.0
2023-11-28 09:00:00,19870.19921875,19885.5,19862.099609375,19876.05078125,0.0,0.0,0.0
2023-11-28 09:15:00,19876.849609375,19882.94921875,19864.650390625,19867.5,0.0,0.0,0.0
2023-11-28 09:30:00,19867.19921875,19897.30078125,19865.150390625,19896.150390625,0.0,0.0,0.0
2023-11-28 09:45:00,19895.94921875,19916.30078125,19889.099609375,19908.44921875,0.0,0.0,0.0
2023-11-29 03:45:00,19976.55078125,19995.900390625,19960.75,19985.099609375,0.0,0.0,0.0
2023-11-29 04:00:00,19985.19921875,20007.900390625,19980.0,20005.94921875,0.0,0.0,0.0
2023-11-29 04:15:00,20004.900390625,20009.099609375,19996.900390625,20001.400390625,0.0,0.0,0.0
2023-11-29 04:30:00,20001.099609375,20015.349609375,19999.150390625,20014.19921875,0.0,0.0,0.0
2023-11-29 04:45:00,20013.349609375,20016.69921875,20004.599609375,20010.25,0.0,0.0,0.0
2023-11-29 05:00:00,20009.900390625,20011.099609375,19993.099609375,20001.5,0.0,0.0,0.0
2023-11-29 05:15:00,20002.650390625,20010.0,19993.69921875,20007.0,0.0,0.0,0.0
2023-11-29 05:30:00,20007.55078125,20008.94921875,19999.349609375,20007.55078125,0.0,0.0,0.0
2023-11-29 05:45:00,20007.099609375,20017.75,20005.05078125,20017.0,0.0,0.0,0.0
2023-11-29 06:00:00,20017.400390625,20033.650390625,20012.900390625,20028.650390625,0.0,0.0,0.0
2023-11-29 06:15:00,20028.94921875,20031.099609375,20021.150390625,20025.05078125,0.0,0.0,0.0
2023-11-29 06:30:00,20025.0,20032.400390625,20024.55078125,20030.900390625,0.0,0.0,0.0
2023-11-29 06:45:00,20031.5,20039.94921875,20029.69921875,20035.55078125,0.0,0.0,0.0
2023-11-29 07:00:00,20034.0,20040.30078125,20027.849609375,20036.0,0.0,0.0,0.0
2023-11-29 07:15:00,20035.599609375,20044.05078125,20034.05078125,20037.150390625,0.0,0.0,0.0
2023-11-29 07:30:00,20036.400390625,20046.599609375,20034.75,20043.599609375,0.0,0.0,0.0
2023-11-29 07:45:00,20043.94921875,20045.650390625,20037.80078125,20042.650390625,0.0,0.0,0.0
2023-11-29 08:00:00,20042.94921875,20058.400390625,20035.150390625,20056.599609375,0.0,0.0,0.0
2023-11-29 08:15:00,20057.849609375,20075.25,20056.55078125,20061.69921875,0.0,0.0,0.0
2023-11-29 08:30:00,20061.80078125,20069.849609375,20056.150390625,20065.0,0.0,0.0,0.0
2023-11-29 08:45:00,20064.349609375,20075.19921875,20058.75,20074.0,0.0,0.0,0.0
2023-11-29 09:00:00,20073.849609375,20082.94921875,20069.900390625,20082.849609375,0.0,0.0,0.0
2023-11-29 09:15:00,20083.650390625,20089.099609375,20077.05078125,20082.30078125,0.0,0.0,0.0
2023-11-29 09:30:00,20081.30078125,20103.849609375,20078.599609375,20101.900390625,0.0,0.0,0.0
2023-11-29 09:45:00,20101.80078125,20104.099609375,20086.30078125,20096.19921875,0.0,0.0,0.0
2023-11-30 03:45:00,20108.5,20134.19921875,20105.80078125,20111.849609375,0.0,0.0,0.0
2023-11-30 04:00:00,20111.5,20127.400390625,20092.55078125,20122.599609375,0.0,0.0,0.0
2023-11-30 04:15:00,20122.0,20124.19921875,20025.099609375,20047.099609375,0.0,0.0,0.0
2023-11-30 04:30:00,20046.19921875,20053.099609375,20017.900390625,20047.349609375,0.0,0.0,0.0
2023-11-30 04:45:00,20047.05078125,20075.849609375,20045.849609375,20046.5,0.0,0.0,0.0
2023-11-30 05:00:00,20046.25,20098.599609375,20046.150390625,20098.599609375,0.0,0.0,0.0
2023-11-30 05:15:00,20099.19921875,20104.69921875,20075.44921875,20076.5,0.0,0.0,0.0
2023-11-30 05:30:00,20076.900390625,20087.849609375,20054.650390625,20065.80078125,0.0,0.0,0.0
2023-11-30 05:45:00,20065.599609375,20072.55078125,20061.19921875,20065.599609375,0.0,0.0,0.0
2023-11-30 06:00:00,20065.30078125,20068.44921875,20057.69921875,20058.900390625,0.0,0.0,0.0
2023-11-30 06:15:00,20060.69921875,20079.55078125,20060.55078125,20069.099609375,0.0,0.0,0.0
2023-11-30 06:30:00,20070.05078125,20071.0,20054.05078125,20054.55078125,0.0,0.0,0.0
2023-11-30 06:45:00,20054.5,20057.650390625,20042.650390625,20053.849609375,0.0,0.0,0.0
2023-11-30 07:00:00,20054.25,20061.55078125,20043.0,20059.80078125,0.0,0.0,0.0
2023-11-30 07:15:00,20059.650390625,20069.75,20052.849609375,20054.349609375,0.0,0.0,0.0
2023-11-30 07:30:00,20054.599609375,20070.599609375,20053.599609375,20067.69921875,0.0,0.0,0.0
2023-11-30 07:45:00,20067.80078125,20075.94921875,20062.75,20072.150390625,0.0,0.0,0.0
2023-11-30 08:00:00,20071.05078125,20107.25,20067.599609375,20102.44921875,0.0,0.0,0.0
2023-11-30 08:15:00,20103.05078125,20120.0,20092.80078125,20098.44921875,0.0,0.0,0.0
2023-11-30 08:30:00,20099.05078125,20099.19921875,20056.75,20061.900390625,0.0,0.0,0.0
2023-11-30 08:45:00,20061.099609375,20102.05078125,20058.650390625,20094.75,0.0,0.0,0.0
2023-11-30 09:00:00,20095.900390625,20128.849609375,20088.349609375,20125.400390625,0.0,0.0,0.0
2023-11-30 09:15:00,20126.69921875,20130.05078125,20104.30078125,20115.94921875,0.0,0.0,0.0
2023-11-30 09:30:00,20114.099609375,20139.75,20096.75,20135.19921875,0.0,0.0,0.0
2023-11-30 09:45:00,20133.849609375,20157.349609375,20126.150390625,20127.19921875,0.0,0.0,0.0
2023-12-01 03:45:00,20194.099609375,20231.599609375,20188.30078125,20226.25,0.0,0.0,0.0
2023-12-01 04:00:00,20228.25,20237.599609375,20212.25,20219.650390625,0.0,0.0,0.0
2023-12-01 04:15:00,20220.05078125,20259.099609375,20214.650390625,20254.44921875,0.0,0.0,0.0
2023-12-01 04:30:00,20254.349609375,20263.55078125,20234.599609375,20258.650390625,0.0,0.0,0.0
2023-12-01 04:45:00,20257.55078125,20267.900390625,20251.849609375,20260.849609375,0.0,0.0,0.0
2023-12-01 05:00:00,20260.0,20268.69921875,20252.75,20261.150390625,0.0,0.0,0.0
2023-12-01 05:15:00,20261.900390625,20265.94921875,20252.44921875,20263.25,0.0,0.0,0.0
2023-12-01 05:30:00,20262.80078125,20271.55078125,20258.650390625,20263.099609375,0.0,0.0,0.0
2023-12-01 05:45:00,20263.19921875,20279.900390625,20254.75,20279.900390625,0.0,0.0,0.0
2023-12-01 06:00:00,20278.75,20280.5,20270.150390625,20275.400390625,0.0,0.0,0.0
2023-12-01 06:15:00,20276.19921875,20281.55078125,20272.650390625,20281.55078125,0.0,0.0,0.0
2023-12-01 06:30:00,20281.25,20284.5,20264.94921875,20268.349609375,0.0,0.0,0.0
2023-12-01 06:45:00,20266.94921875,20278.05078125,20266.94921875,20275.30078125,0.0,0.0,0.0
2023-12-01 07:00:00,20274.849609375,20281.599609375,20266.599609375,20277.30078125,0.0,0.0,0.0
2023-12-01 07:15:00,20276.44921875,20281.5,20273.25,20277.400390625,0.0,0.0,0.0
2023-12-01 07:30:00,20278.0,20285.400390625,20268.400390625,20277.30078125,0.0,0.0,0.0
2023-12-01 07:45:00,20277.80078125,20278.30078125,20268.05078125,20272.349609375,0.0,0.0,0.0
2023-12-01 08:00:00,20273.25,20281.44921875,20264.55078125,20275.099609375,0.0,0.0,0.0
2023-12-01 08:15:00,20275.80078125,20282.94921875,20273.099609375,20277.19921875,0.0,0.0,0.0
2023-12-01 08:30:00,20277.400390625,20290.599609375,20267.650390625,20271.69921875,0.0,0.0,0.0
2023-12-01 08:45:00,20273.849609375,20280.0,20267.05078125,20267.19921875,0.0,0.0,0.0
2023-12-01 09:00:00,20267.599609375,20269.650390625,20244.400390625,20250.25,0.0,0.0,0.0
2023-12-01 09:15:00,20249.650390625,20269.5,20245.650390625,20266.44921875,0.0,0.0,0.0
2023-12-01 09:30:00,20263.55078125,20282.05078125,20261.44921875,20267.349609375,0.0,0.0,0.0
2023-12-01 09:45:00,20268.400390625,20272.30078125,20249.0,20255.75,0.0,0.0,0.0
2023-12-04 03:45:00,20601.94921875,20601.94921875,20508.650390625,20564.349609375,0.0,0.0,0.0
2023-12-04 04:00:00,20565.05078125,20590.19921875,20561.05078125,20569.900390625,0.0,0.0,0.0
2023-12-04 04:15:00,20569.0,20574.30078125,20549.5,20558.30078125,0.0,0.0,0.0
2023-12-04 04:30:00,20557.900390625,20564.69921875,20535.30078125,20545.69921875,0.0,0.0,0.0
2023-12-04 04:45:00,20545.650390625,20553.69921875,20531.849609375,20547.599609375,0.0,0.0,0.0
2023-12-04 05:00:00,20548.44921875,20548.44921875,20523.30078125,20545.599609375,0.0,0.0,0.0
2023-12-04 05:15:00,20545.75,20559.900390625,20543.599609375,20555.05078125,0.0,0.0,0.0
2023-12-04 05:30:00,20554.30078125,20574.150390625,20546.94921875,20573.150390625,0.0,0.0,0.0
2023-12-04 05:45:00,20574.25,20583.400390625,20559.150390625,20563.69921875,0.0,0.0,0.0
2023-12-04 06:00:00,20563.69921875,20574.80078125,20558.150390625,20574.25,0.0,0.0,0.0
2023-12-04 06:15:00,20574.900390625,20580.349609375,20571.349609375,20573.55078125,0.0,0.0,0.0
2023-12-04 06:30:00,20574.400390625,20587.900390625,20569.05078125,20582.650390625,0.0,0.0,0.0
2023-12-04 06:45:00,20583.400390625,20586.69921875,20571.650390625,20578.0,0.0,0.0,0.0
2023-12-04 07:00:00,20577.94921875,20581.849609375,20574.30078125,20581.44921875,0.0,0.0,0.0
2023-12-04 07:15:00,20581.44921875,20587.150390625,20571.55078125,20586.30078125,0.0,0.0,0.0
2023-12-04 07:30:00,20586.44921875,20591.349609375,20570.69921875,20587.349609375,0.0,0.0,0.0
2023-12-04 07:45:00,20587.849609375,20613.25,20586.599609375,20608.650390625,0.0,0.0,0.0
2023-12-04 08:00:00,20608.19921875,20623.69921875,20607.349609375,20615.44921875,0.0,0.0,0.0
2023-12-04 08:15:00,20615.80078125,20617.849609375,20593.650390625,20611.599609375,0.0,0.0,0.0
2023-12-04 08:30:00,20612.25,20641.599609375,20612.19921875,20640.900390625,0.0,0.0,0.0
2023-12-04 08:45:00,20641.25,20648.80078125,20630.55078125,20647.849609375,0.0,0.0,0.0
2023-12-04 09:00:00,20647.94921875,20670.25,20647.25,20669.19921875,0.0,0.0,0.0
2023-12-04 09:15:00,20669.94921875,20682.69921875,20656.30078125,20681.44921875,0.0,0.0,0.0
2023-12-04 09:30:00,20681.55078125,20702.25,20658.69921875,20678.30078125,0.0,0.0,0.0
2023-12-04 09:45:00,20678.30078125,20694.349609375,20675.80078125,20686.80078125,0.0,0.0,0.0
2023-12-05 03:45:00,20808.900390625,20808.900390625,20715.849609375,20749.75,0.0,0.0,0.0
2023-12-05 04:00:00,20750.80078125,20777.05078125,20748.349609375,20776.69921875,0.0,0.0,0.0
2023-12-05 04:15:00,20776.400390625,20797.80078125,20767.349609375,20775.5,0.0,0.0,0.0
2023-12-05 04:30:00,20774.900390625,20810.099609375,20771.400390625,20806.94921875,0.0,0.0,0.0
2023-12-05 04:45:00,20807.69921875,20833.849609375,20805.599609375,20827.0,0.0,0.0,0.0
2023-12-05 05:00:00,20826.900390625,20848.05078125,20805.75,20839.75,0.0,0.0,0.0
2023-12-05 05:15:00,20840.25,20848.099609375,20832.099609375,20842.75,0.0,0.0,0.0
2023-12-05 05:30:00,20843.349609375,20849.30078125,20803.400390625,20822.30078125,0.0,0.0,0.0
2023-12-05 05:45:00,20821.650390625,20825.0,20780.099609375,20798.900390625,0.0,0.0,0.0
2023-12-05 06:00:00,20798.599609375,20800.349609375,20740.55078125,20740.55078125,0.0,0.0,0.0
2023-12-05 06:15:00,20740.400390625,20766.19921875,20731.0,20762.900390625,0.0,0.0,0.0
2023-12-05 06:30:00,20761.55078125,20779.849609375,20753.599609375,20776.69921875,0.0,0.0,0.0
2023-12-05 06:45:00,20776.55078125,20786.349609375,20768.44921875,20779.80078125,0.0,0.0,0.0
2023-12-05 07:00:00,20779.400390625,20793.05078125,20775.650390625,20779.099609375,0.0,0.0,0.0
2023-12-05 07:15:00,20779.30078125,20809.900390625,20774.75,20807.099609375,0.0,0.0,0.0
2023-12-05 07:30:00,20807.25,20810.75,20795.55078125,20802.0,0.0,0.0,0.0
2023-12-05 07:45:00,20801.900390625,20807.349609375,20788.650390625,20803.900390625,0.0,0.0,0.0
2023-12-05 08:00:00,20803.650390625,20827.400390625,20803.349609375,20819.0,0.0,0.0,0.0
2023-12-05 08:15:00,20819.400390625,20823.25,20802.5,20805.69921875,0.0,0.0,0.0
2023-12-05 08:30:00,20805.0,20816.55078125,20789.19921875,20812.900390625,0.0,0.0,0.0
2023-12-05 08:45:00,20812.5,20815.099609375,20794.099609375,20809.30078125,0.0,0.0,0.0
2023-12-05 09:00:00,20808.94921875,20832.05078125,20808.599609375,20818.30078125,0.0,0.0,0.0
2023-12-05 09:15:00,20818.69921875,20839.75,20818.69921875,20836.80078125,0.0,0.0,0.0
2023-12-05 09:30:00,20836.099609375,20860.44921875,20834.150390625,20857.75,0.0,0.0,0.0
2023-12-05 09:45:00,20857.94921875,20863.69921875,20851.5,20856.69921875,0.0,0.0,0.0
2023-12-06 03:45:00,20950.75,20956.0,20910.599609375,20933.80078125,0.0,0.0,0.0
2023-12-06 04:00:00,20931.19921875,20938.849609375,20887.900390625,20930.05078125,0.0,0.0,0.0
2023-12-06 04:15:00,20930.69921875,20957.900390625,20925.650390625,20928.650390625,0.0,0.0,0.0
2023-12-06 04:30:00,20929.099609375,20939.150390625,20894.69921875,20898.80078125,0.0,0.0,0.0
2023-12-06 04:45:00,20899.55078125,20923.94921875,20891.05078125,20899.0,0.0,0.0,0.0
2023-12-06 05:00:00,20900.400390625,20910.349609375,20893.25,20903.94921875,0.0,0.0,0.0
2023-12-06 05:15:00,20903.69921875,20941.150390625,20903.69921875,20939.400390625,0.0,0.0,0.0
2023-12-06 05:30:00,20941.5,20942.69921875,20920.349609375,20926.94921875,0.0,0.0,0.0
2023-12-06 05:45:00,20927.44921875,20933.150390625,20915.25,20927.099609375,0.0,0.0,0.0
2023-12-06 06:00:00,20927.69921875,20939.69921875,20925.900390625,20938.94921875,0.0,0.0,0.0
2023-12-06 06:15:00,20940.05078125,20940.849609375,20917.30078125,20929.25,0.0,0.0,0.0
2023-12-06 06:30:00,20929.599609375,20935.44921875,20923.599609375,20930.5,0.0,0.0,0.0
2023-12-06 06:45:00,20931.400390625,20933.05078125,20913.099609375,20915.349609375,0.0,0.0,0.0
2023-12-06 07:00:00,20914.75,20922.5,20891.55078125,20896.19921875,0.0,0.0,0.0
2023-12-06 07:15:00,20897.55078125,20907.150390625,20886.0,20904.349609375,0.0,0.0,0.0
2023-12-06 07:30:00,20904.900390625,20905.5,20870.19921875,20873.400390625,0.0,0.0,0.0
2023-12-06 07:45:00,20873.75,20887.400390625,20852.80078125,20871.05078125,0.0,0.0,0.0
2023-12-06 08:00:00,20870.849609375,20908.30078125,20869.55078125,20900.69921875,0.0,0.0,0.0
2023-12-06 08:15:00,20901.30078125,20920.0,20897.650390625,20917.80078125,0.0,0.0,0.0
2023-12-06 08:30:00,20918.44921875,20933.44921875,20914.349609375,20927.0,0.0,0.0,0.0
2023-12-06 08:45:00,20927.25,20946.69921875,20922.599609375,20937.400390625,0.0,0.0,0.0
2023-12-06 09:00:00,20938.150390625,20955.150390625,20934.349609375,20951.94921875,0.0,0.0,0.0
2023-12-06 09:15:00,20952.69921875,20961.44921875,20942.25,20953.80078125,0.0,0.0,0.0
2023-12-06 09:30:00,20953.099609375,20958.25,20932.19921875,20939.349609375,0.0,0.0,0.0
2023-12-06 09:45:00,20939.900390625,20946.5,20923.599609375,20935.900390625,0.0,0.0,0.0
2023-12-07 03:45:00,20932.400390625,20932.400390625,20851.69921875,20851.69921875,0.0,0.0,0.0
2023-12-07 04:00:00,20851.44921875,20901.400390625,20851.44921875,20879.0,0.0,0.0,0.0
2023-12-07 04:15:00,20879.599609375,20887.099609375,20865.349609375,20875.55078125,0.0,0.0,0.0
2023-12-07 04:30:00,20876.30078125,20877.75,20864.19921875,20870.19921875,0.0,0.0,0.0
2023-12-07 04:45:00,20870.05078125,20885.94921875,20859.849609375,20875.849609375,0.0,0.0,0.0
2023-12-07 05:00:00,20877.150390625,20908.44921875,20873.44921875,20901.05078125,0.0,0.0,0.0
2023-12-07 05:15:00,20901.25,20922.400390625,20892.849609375,20909.05078125,0.0,0.0,0.0
2023-12-07 05:30:00,20908.55078125,20935.849609375,20906.349609375,20927.0,0.0,0.0,0.0
2023-12-07 05:45:00,20927.650390625,20932.400390625,20905.75,20905.75,0.0,0.0,0.0
2023-12-07 06:00:00,20905.55078125,20912.80078125,20899.19921875,20904.349609375,0.0,0.0,0.0
2023-12-07 06:15:00,20904.099609375,20922.94921875,20901.0,20919.849609375,0.0,0.0,0.0
2023-12-07 06:30:00,20919.80078125,20925.150390625,20913.599609375,20917.349609375,0.0,0.0,0.0
2023-12-07 06:45:00,20917.150390625,20921.44921875,20908.55078125,20913.80078125,0.0,0.0,0.0
2023-12-07 07:00:00,20913.75,20920.0,20901.349609375,20918.5,0.0,0.0,0.0
2023-12-07 07:15:00,20920.19921875,20922.30078125,20908.25,20916.0,0.0,0.0,0.0
2023-12-07 07:30:00,20915.19921875,20924.25,20904.44921875,20917.150390625,0.0,0.0,0.0
2023-12-07 07:45:00,20917.05078125,20922.849609375,20911.5,20916.5,0.0,0.0,0.0
2023-12-07 08:00:00,20916.150390625,20927.0,20907.400390625,20915.150390625,0.0,0.0,0.0
2023-12-07 08:15:00,20914.900390625,20920.30078125,20909.349609375,20914.0,0.0,0.0,0.0
2023-12-07 08:30:00,20913.80078125,20921.30078125,20902.849609375,20908.150390625,0.0,0.0,0.0
2023-12-07 08:45:00,20908.0,20918.650390625,20903.349609375,20914.94921875,0.0,0.0,0.0
2023-12-07 09:00:00,20915.099609375,20923.69921875,20901.55078125,20901.55078125,0.0,0.0,0.0
2023-12-07 09:15:00,20901.650390625,20906.05078125,20887.900390625,20890.19921875,0.0,0.0,0.0
2023-12-07 09:30:00,20891.650390625,20915.599609375,20879.099609375,20902.75,0.0,0.0,0.0
2023-12-07 09:45:00,20902.650390625,20919.599609375,20899.80078125,20916.099609375,0.0,0.0,0.0
2023-12-08 03:45:00,20934.099609375,20972.0,20934.099609375,20958.80078125,0.0,0.0,0.0
2023-12-08 04:00:00,20958.5,20976.19921875,20948.25,20975.75,0.0,0.0,0.0
2023-12-08 04:15:00,20973.400390625,20996.349609375,20964.150390625,20991.69921875,0.0,0.0,0.0
2023-12-08 04:30:00,20993.25,21004.44921875,20970.25,20992.05078125,0.0,0.0,0.0
2023-12-08 04:45:00,20992.150390625,20999.650390625,20973.75,20999.650390625,0.0,0.0,0.0
2023-12-08 05:00:00,20999.94921875,21005.75,20982.19921875,20991.849609375,0.0,0.0,0.0
2023-12-08 05:15:00,20992.19921875,20995.44921875,20974.0,20977.55078125,0.0,0.0,0.0
2023-12-08 05:30:00,20977.05078125,20978.599609375,20931.69921875,20955.80078125,0.0,0.0,0.0
2023-12-08 05:45:00,20955.69921875,20971.5,20953.349609375,20967.94921875,0.0,0.0,0.0
2023-12-08 06:00:00,20968.5,20982.150390625,20963.19921875,20976.0,0.0,0.0,0.0
2023-12-08 06:15:00,20975.0,20977.80078125,20968.25,20974.55078125,0.0,0.0,0.0
2023-12-08 06:30:00,20974.900390625,20979.349609375,20956.94921875,20967.55078125,0.0,0.0,0.0
2023-12-08 06:45:00,20967.599609375,20970.900390625,20947.0,20956.599609375,0.0,0.0,0.0
2023-12-08 07:00:00,20957.099609375,20958.94921875,20927.69921875,20927.69921875,0.0,0.0,0.0
2023-12-08 07:15:00,20928.900390625,20935.80078125,20913.30078125,20929.25,0.0,0.0,0.0
2023-12-08 07:30:00,20929.69921875,20929.69921875,20899.80078125,20921.30078125,0.0,0.0,0.0
2023-12-08 07:45:00,20922.44921875,20928.900390625,20888.849609375,20892.94921875,0.0,0.0,0.0
2023-12-08 08:00:00,20893.099609375,20912.75,20867.30078125,20868.349609375,0.0,0.0,0.0
2023-12-08 08:15:00,20869.05078125,20894.19921875,20863.05078125,20889.69921875,0.0,0.0,0.0
2023-12-08 08:30:00,20891.25,20917.099609375,20883.44921875,20916.19921875,0.0,0.0,0.0
2023-12-08 08:45:00,20917.25,20918.150390625,20898.94921875,20904.900390625,0.0,0.0,0.0
2023-12-08 09:00:00,20905.349609375,20938.349609375,20901.900390625,20935.0,0.0,0.0,0.0
2023-12-08 09:15:00,20936.55078125,20942.25,20927.80078125,20937.599609375,0.0,0.0,0.0
2023-12-08 09:30:00,20938.099609375,20979.150390625,20933.44921875,20978.150390625,0.0,0.0,0.0
2023-12-08 09:45:00,20977.900390625,20983.0,20966.80078125,20972.099609375,0.0,0.0,0.0
